Image ID,Image name,Location,Drop,Depth,Latitude,Longitude,Site,Goniocorella Dumosa,Amorphous cream Sponge,Amorphous grey-blue sponge,Amorphous Pink/Orange Sponge,Anemone,Axinella australiensis,Axinella sp,Black Coral_1,Black Coral_2,Black Hydroid,Black Spiky Sponge,Bright-Orange Encrusting Colonial Ascidian,Bright-Orange Encrusting sponge,Brown Ball Sponge,Brown/Grey Encrusting sponge,Brown Orange Encrusting Sponge,Brown Solitary Ascidian,Corynactis australis,Creamy branching Hydroid,Creamy Gorgonacea,Cymbastella sp.,Dark Brown encrusting Sponge,Dark orange bulb sponge,Dark Orange Encrusting Sponge,Dark-Purple Encrusting Sponge,Dark red branching sponge,Dark Red Encrusting Sponge,Dark-Yellow Encrusting Sponge,Dendrilla sp.,Desmacidon mamillatum,Didemnum sp,Dysidea sp,Ecionemia alata,Encrusting Pink/Creamy sponge,Encrusting White Colonial Bryozoan,Erect Brown Branching Bryozoan,Erect bushy green-white bryozoan,Feather-like Hydroid,Fine branching hydroid,Flat creamy sponge,Geodia regina,Grey Amorphous Sponge,Grey Encrusting Colonial Ascidian,Grey flask-like sponge,Haliclona sp.,Homaxinella erecta,Hornera sp,Iophon,Iophon laevistylis,Large Orange Encrusting Sponge,Large white branching sponge,Latrunculia sp.,Light-Brown Encrusting Sponge,Light Yellow Encrusting Sponge,Lilac-Blue Spiky Sponge,Lissoclinum sp,Massive yellow sponge,Monomyces sp.,Orange Encrusting Bryozoan,Orange Encrusting Colonial Ascidian,Orange Massive/Encrusting Sponge,Orange Octocoral,Orange Spiked Sponge,Orange thin-branching sponge,Orange tube sponge,Orange/White Amorphpus Sponge,Orange/white Octocoral,Orange/Yellow amorphous sponge,Orange/Yellow Encrusting Sponge,Pale-Orange Amorphous Sponge,Pale Orange Encrusting Sponge,Pale Orange Spiky Encrusting Sponge,Pale yellow Amorphous/Encrusting Sponge,Pale Yellow Branching Amorphous Sponge,Pale Yellow Branching Sponge,Pale-Yellow Encrusting Sponge,Pale Yellow Globular Sponge,Pale Yellow Octocoral,Pale Yellow-Orange Amorphous Sponge,Pararhaphoxya sp.,Parazoanthus elongatus,Pink/Orange Branching Bryozoan,Polymastia sp.,Primnoa sp.,Psammocinia perforodorsa,Purple Encrusting Ascidian,Purple/Red encrusting Sponge,Purple/Violet Arborescent Amorphous Sponge,Purple/White flat massive sponge,Raspailia sp.,Red-Orange Spiky Arborescent Sponge,Red solitary Ascidian,Rowella lancifera,Rowella tubulosa,Short Orange Branching Sponge,Short white Hydroid,Steginoporella neozelanica,Stelletta conulosa,Stelletta crater,Stelletta maori,Suberites sp.,Symplectella rowi,Thin Encrusting Orange Sponge,Thin Orange Encrusting Colonial Ascidian,Thin Pink/Orange Encrusting Sponge,Thin Yellow Encrusting Sponge,White Amorphous Sponge,White and black hydroid,White Colonial Ascidian,White Encrusting Colonial Ascidian,White flattened sponge,White Globular/Loaf Sponge,White-pinkish ascidian,White Short Amorphous/Branching Sponge,White small amorphous sponge,White Spiky Encrusting Sponge,White Stylasterid,White-Yellow Amorphous Sponge,Xestospongia sp.,Yellow Arborescent Sponge,Yellow Branching Bryozoan,Yellow Encrusting Spiky Sponge,Yellow Encrusting Sponge,Yellow Globular Sponge,Yellow/Green Encrusting Sponge,Yellow Lobed Encrusting Sponge,Yellow-Orange Colonial Ascidian,Yellow/Orange Encrusting Sponge,crella incrustans,Sediment,Bare Rock,Biological Matrix,Other,CCA (crustose coralline algae),Ecklonia radiata,Green algae .,Green/Brown Algae,Red algae .
5481573,DB1_SHGCNCT_S001_S001_T001_0088.jpg,Doubtless bay,DB1,72,-34.833133,173.474167,East Karikari Peninsula,0,0,0,0,0,0,0,0,0,1.667,0,0,0,0,0,0,0,0,0,0,0,0,0,0,0,0,0,0,0,0,0,0,0,0,0,0,0,0,0,0,0,0,0,0,0,0,0,0,0,0,0,0,0,0,0,0,0,0,0,0,0,0,0,0,0,0,0,0,0,0,0,0,0,0,0,0,0.833,0,0,6.667,0,0,0,0,0,0,0,0,0,0,1.667,0,0,0,0,0,0.833,0,0.833,0,0,0,0,0,0,0,0,0,0,0,0,0,0,0,0,0,0,0,0,0,0,0,0,0,0.833,0,0,0,0,69.167,0,9.167,8.333,0,0,0,0,0
5481574,DB1_SHGCNCT_S001_S001_T001_0209.jpg,Doubtless bay,DB1,72,-34.833133,173.474167,East Karikari Peninsula,6.667,0,0,0,0,0,0,0,0,0,0,0,0.833,0,0,0,0,0,0,0,0,0,0,0,0,0,0,0,0.833,0,0,0,0,0,0,0,0.833,0,0,0,0,0,0,0,0,0,0,0,0,0,0,0,0,0,0,0,0,0,0,0,0,0,0,0,0,0,0,0,0.833,0,0,0,0,0,0,0,0,0,0,2.5,0,0,0,0,0,0,0,0,0,0,0,0,0,0,0.833,0,0.833,0,0,0,0,0,0,0,0,0,0,0,0,0,0,0,0,0,0,0,0,0,0,0,0,0,0,0,0,0.833,0,0,0,34.167,0,40,10.833,0,0,0,0,0
5481575,DB1_SHGCNCT_S001_S001_T001_0225.jpg,Doubtless bay,DB1,72,-34.833133,173.474167,East Karikari Peninsula,1.667,0,0,0,0,0,0,0,0,0,0,0,0.833,0,0,0,0,0,0,0,0,0,0,0,0,0,0,0,0.833,0,0,0,1.667,0,0,0,0.833,0,0,0,0,0,0,0,0,0.833,0,0,0,0,0,0,0,0,0,0,2.5,0,0,0,0,0,0,0,0,0,0,0,0,0,0,0,0,0,0,0,0,0,0,5.833,0,1.667,0,0,0,0,0,0,0,0,0,0,0,0,0.833,0.833,0,0,0,0,0,0,0,0,0,0,0,0,0,0,0,0.833,0,0,0,0,0,0,0,0,0,0,0,0,0.833,5,0,0,0,25,0,44.167,5.833,0,0,0,0,0
5481576,DB1_SHGCNCT_S001_S001_T001_0251.jpg,Doubtless bay,DB1,72,-34.833133,173.474167,East Karikari Peninsula,0,0.833,0,0,0,0,0,0,0,0,0,0,0,0,0,0,0,0,0,0,0,0,0,0,0,0,0,0,0.833,0,0,0,0,0,0,0,0,0,0,0,0,0,0,0,0,2.5,0,0,0,0,0,0,0,0,0,0.833,0.833,0,0,0,0,0,0,0,0,0,0,0.833,0,0,0,0,0,0,0,0,0,0,0,0,0,0,0,0,0,0,0,0,0,0,0,0,0,0,0,0,0,0,2.5,0,0,0,0,0,0,0,0,0,0,0,0,0.833,0,0,0,0,0,0,0,0,0,0,0,0,0,0,0,0,0,65.833,0,22.5,1.667,0,0,0,0,0
5481577,DB1_SHGCNCT_S001_S001_T001_0339.jpg,Doubtless bay,DB1,72,-34.833133,173.474167,East Karikari Peninsula,4.167,0,0,0,0,0,0,0,0,0,0,0,0,0,0,0,0,0,0,0,0,0,0,0,0,0,0.833,0,0.833,0,0,0,0,0,0,0,0,0,0,0,0,0,0,0,0,0,0,0,0,0,0,0,0,0,0,0,0,0,0,0,0,0,0,0,0,0,0,0,0,0,0.833,0,0,0,0,0,0,0,0.833,2.5,0,0.833,0,0,0,0,0,0,0,0,0,0,0,0,0,0,0.833,0,0,0,0,0,0,0,0,0,0,0,0,0,0,0,0,0,0,0,0,0,0,0,0,0,0.833,0,0.833,0,0,0,0,47.5,0,30,9.167,0,0,0,0,0
5481578,DB1_SHGCNCT_S001_S001_T001_0400.jpg,Doubtless bay,DB1,72,-34.833133,173.474167,East Karikari Peninsula,0,0,0,0,0,0,0,0,0,0,0,0,1.667,0,0,0,0,0,0,0,0,0,0,0,0,0,0.833,0,0.833,0,0,0.833,0,0,0,0,0,0,0,0,0,0,0,0,0,0,0,0,0,0,0,0,0,0,0,0,1.667,0.833,0,0,0,0,0,0,0,0,0,0,0,0,0,0,0,0,0,0,0,0,0,0,0,0,0,0,0,0,0,0,0,0,0,0,0,0,0,0,0.833,0,1.667,0,0,0,0,0,0,0,0,0,0,0,0,0,0,0,0,0,0,0,0,0,0,0,0,0,0,0,0,0,0,50.833,0,35.833,4.167,0,0,0,0,0
5481579,DB1_SHGCNCT_S001_S001_T001_0409.jpg,Doubtless bay,DB1,72,-34.833133,173.474167,East Karikari Peninsula,0,0,0,0,0,0,0,0,0,0,0,0,0,0,0,0,0,0,0,0,0,0,0,0,0,0,0,0,0.833,0.833,0,0,0,0,0,0,0,0,0,0,0,0,0,0,0,0,0,0,0,0,0,0,0,0.833,0,0,2.5,0.833,0,0,0,0,0,0,0,0,0,0,0,0,0,0,0,0,0,0,0,0,0,0.833,0,0,0,0,0,0,0,0,0,0,0,0,0,0,0,0,0,0,2.5,0,0,0,0,0,0,0,0,0,0,0,0,3.333,0,0,0,0,0,0,0,0,0,0,0,0,0,0,0,0,0,63.333,0,24.167,0,0,0,0,0,0
5481580,DB1_SHGCNCT_S001_S001_T001_0440.jpg,Doubtless bay,DB1,72,-34.833133,173.474167,East Karikari Peninsula,0,0,0,0,0,0,0,0,0,0,0,0,1.667,0,0,0,0,0,0,0,0,0,0,0.833,0.833,0,0.833,0,0,0,0,0,0,0,0,0,0,0,0,0,0,0,0,0,0,0,0,0,0,0,0,0,0,0,0,0,0,0,0,0,0,0,0,0,0,0,0,0,0,0,0,0,0,0,0,0,0,0,0,2.5,0,0,0,0,0,0,0,0,0,0,0,0,0,0,0,0,0,0,1.667,0,0,0,0,0,0,0,0,0,0,0,0,0.833,0,0,0,0,0,0,0,0,0,0,0,0,0,0,0,0,0,59.167,0,27.5,4.167,0,0,0,0,0
5481581,DB1_SHGCNCT_S001_S001_T001_0474.jpg,Doubtless bay,DB1,72,-34.833133,173.474167,East Karikari Peninsula,0,0,0,0,0,0,0,0,0,0.833,0,0,0,0,0,0,0,0,0,0,0,0,0,1.667,0,0,0.833,0,0,0,0,0,0,0,0,0,0,0,0,1.667,0,0,0,0,0,1.667,0,12.5,0,0,0,0,0,2.5,0,0,0,0,0,0,0,0,0,0,0,0,0,0,0,0,0,0,0,0,0,0,0,0,0,0,0,0,0,0,0,0,0,0,0,0,0,0,0,0,0,0,0,0,0,0,0,0,0,0,0,0,0,0,0,0,0,0,0,0,0,0,0,0,0,0,0,0,0.833,0,0,0,0,0,0,46.667,0,24.167,6.667,0,0,0,0,0
5367814,SHGCNCT_S001_S001_T001_00015.jpg,Doubtless bay,DB10,65,-34.873656,173.521717,North-East Doubtless Bay,0,0,0,0,0,0,0,0,0,0,0,0,0,0,0,0,0,0,0,0,0,0,0,0,0,0,0.833,0,0,0,0,0,0,0,0,0,0,0,0,0,0,0,0,0,0,1.667,0,0,0,0,0,0,0,0,0,0,0,0,0,0,0,0,0,0,0,0,0,0,0,0,0,0,0,0,0,0,0,0,0,0,0,0,0,0,0,0,0,0,0,0,0,0,0,0,0,0,0.833,0,0,0,0,0,0,0,0,0,0,0,0,0,0,0,0,0,0,0,0,1.667,0,0,0,0,0,0,0,0,0,0,0,75.833,0,19.167,0,0,0,0,0,0
5367815,SHGCNCT_S001_S001_T001_00159.jpg,Doubtless bay,DB10,65,-34.873656,173.521717,North-East Doubtless Bay,0,0,0,0.833,0,0,0,0,0,0,0,0,0,0,0,0,0,0,0,0,0,0,0,0.833,0,0,2.5,0,0,0,0,0,0,0,0,0,0,0,0,0,0,0,0,0,0,2.5,0,0,1.667,0,0,0,0,0,0,0,0,0,0,0,0,0,0,0,0,0,0,0,0,0,0,0,0,0,0,0,0,0,0,0,0,0,0,0,0,0,0,0,0,0,0,0,0,0,0,0,0.833,0,0,0,0,0,0,0,0,0,0,0,0,0,0,0,0,0,0,0,0,0,0,0,0,0,0,0,0,0,0,0,0,72.5,0,18.333,0,0,0,0,0,0
5367816,SHGCNCT_S001_S001_T001_00233.jpg,Doubtless bay,DB10,65,-34.873656,173.521717,North-East Doubtless Bay,0,0.833,0,0,0,0,0,0,0,0,0,0,0.833,0,0,0,0,0,0,0,0,0,0,0.833,0,0,3.333,0,0,0,0,0,0.833,0,0,0,0,0,0,0,0,0,0,0,0,0.833,0,0,0,0,0,0,0,0,0,0,0,0,0,0,0,0,0,0,0,0,0,0,0,0,0,0,0,0,0,0,0,0,0,0,0,0,0,0,0,0,0,0,0,0,0,0,0,0,0,0,0,0,0,0,0,0,0,0,0,0,0,0,0,0,0,0,0,0,0,0,0,0,0,0,0,0,0,0,0.833,0,0,0,0,80.833,0,6.667,2.5,1.667,0,0,0,0
5367817,SHGCNCT_S001_S001_T001_00287.jpg,Doubtless bay,DB10,65,-34.873656,173.521717,North-East Doubtless Bay,0,0.833,0,0,0,0,0,0,0,0,0,0,1.667,0,0,0,0,0,0,0,0,0,0,0,0,0,0,0,0,0,0,0,0,0,0,0,0,0,0,0,0,0,0,0,0,0.833,0,0,0,0,0,0,0,0,0,0,0,0,0,0,0,0,0,0,0,0,0,0,0,0,0,0,0,0,0,0,0,0,0,0,0,0,0,0,0,0,0,0,0,0,0,0,0,0,0,0,0,0,0,0,0,0,0,0,0,0,0,0,0,0,0,0,0,0,0,0,0,0,0,0,0,0,0,0,0.833,0,0,0,0,76.667,0,11.667,7.5,0,0,0,0,0
5367818,SHGCNCT_S001_S001_T001_00434.jpg,Doubtless bay,DB10,65,-34.873656,173.521717,North-East Doubtless Bay,0,1.667,0,0,0,0.833,0,0,0,0,0,0,1.667,0,0,0,0,0,0,0,0,0,0,0,0.833,0,0.833,0,0,0,0,0,0,0,0,0,0,0,0,0,0,0,0,0,0,0.833,0,0,0,0,0,0,0,0,0,0,0,0,0,0,0,0,0,0,0,0,0,0,0,0,0,0,0,0,0,0,0,0,0,0,0,0,0,0,0,0,0,0,0,0,0,0,0,0,0,0,1.667,0,0,0,0,0,0,0,0,0,0,0,0,0,0.833,0,0,0,0,0,0,0,0,0,0,0,0,0,0,0,0,0,0,57.5,0,30.833,2.5,0,0,0,0,0
5367819,SHGCNCT_S001_S001_T001_00493.jpg,Doubtless bay,DB10,65,-34.873656,173.521717,North-East Doubtless Bay,0,1.667,0,0.833,0,0,0,0,0,0,0,0,0,0,0,0,0,0,0,0,0,0,0,0,0,0,0,0,6.667,0,0,0,0,0,0,0,0,0,0,0,0,0,0,0,0,2.5,0,0,0,0,0,0,0,0,0,0,0,0,0,0,0,0,0,0,0,0,0,0,0,0,0.833,0,0,0,0,0,0,0,0,5,0,0,0,0,0,0,0,0,0,0,0.833,0,0,0,0,0,0.833,0,0,0,0,0,0,0,0,0,0,0,0,0,0,0,0,0,0,0,0,0,0,8.333,0,0,0.833,0,0,0,0,0,0,20.833,0,45.833,5,0,0,0,0,0
5367820,SHGCNCT_S001_S001_T001_00550.jpg,Doubtless bay,DB10,65,-34.873656,173.521717,North-East Doubtless Bay,0,1.667,0,2.5,0,0,0,0,0,0,0,0,0,0,0,0,0,0,0,0,0,0,0,0,0,0,1.667,0,0,0,0,0,0,0,0,0,0,0,4.167,0,0,0,0,0,0,3.333,0,0,0,0,0,0,0,0.833,0,0,0,0,0,0,0,0,0,0,0.833,0,0,0,0,0,0,0,0,0,0,0,0,0,0,5,0,0,0,0,0,0,0,0,0,0,0,0,0,0,0,0,2.5,0,0,0,0,0,0,0,0.833,0,0,0,0,0,0,0,0,0,0,0,0,0,0,0.833,0,0,0,0,0,0,0,0,0,33.333,0,40.833,1.667,0,0,0,0,0
5367821,SHGCNCT_S001_S001_T001_00610.jpg,Doubtless bay,DB10,65,-34.873656,173.521717,North-East Doubtless Bay,0,0,0,0.833,0,0.833,0,0,0,0.833,0,0,0.833,0,0,0,0,0,0,0,0,0,0,0,0,0,0.833,0,0,0,0,0,0,0,0,0,0,0,0,0,0,0,0,0,0,0,0,0,0,0,0,0,0,0,0,0,0,0,0,0,0.833,0,0,0,0,0,0,0,0,0,0,0,0,0,0,0,0,0,0,0,0,0,0,0,0,0,0,0,0,0,0,0,0,0,0,0.833,0,0,0,0,0,0,0,0,0,0,0,0,0,0,0,0,0,0,0,0,0,0,0,1.667,0,0,0,0,0,0,0,0,0,60,0,27.5,5,0,0,0,0,0
5367822,SHGCNCT_S001_S001_T001_00736.jpg,Doubtless bay,DB10,65,-34.873656,173.521717,North-East Doubtless Bay,0,0,0,0,0,0,0,0,0,0,0,0,0,0,0,0,0,0,0,0,0,0,0,0,0,0,2.5,0,0,0,0,0,0,0,0,0,0,0,0,0,0,0,0,0,0,4.167,0,0,2.5,0,0,0,0,0,0,0,0,0,0,0,0,0,0,0,0,0,0,0,0,0,0,0,0,0,0,0,0,0,0,7.5,0,0,0,0,0,0,0,0,0,0,0,0,0,0,0,0,3.333,0,0,0,0,0,0,0,0,0,0,0,0,0,0,0,0,0,0,1.667,0,0,0,0,0,0,0,0,0,0,0,0,0,49.167,0,28.333,0.833,0,0,0,0,0
5367823,SHGCNCT_S001_S001_T001_00808.jpg,Doubtless bay,DB10,65,-34.873656,173.521717,North-East Doubtless Bay,0,0.833,0,0,0,0,0,0,0,0,0,0,0,0,0,0,0,0,0,0,0,0,0,0,0,0,3.333,0,0.833,0,0,0,0,0,0,0,0,0,1.667,0,0,0,0,0,0,0,0,0,0.833,0,0,0,0,0,0,0,0,0,0,0,0,0,0,0,0,0,0,0,0,0,0,0,0,0,0,0,0,0,0,6.667,0,0,0,0,0,0,0,0,0,0,0,0,0,0,0,0,0,0,0,0,0,0,0,0,0,0,0,0,0,0,0,0,0,0,0,0,0,0,0,0,0,0,0,0,0,0,0,0,0,36.667,0,38.333,10,0,0,0,0,0.833
5367824,SHGCNCT_S001_S001_T004_00032.jpg,Doubtless bay,DB11,52,-34.906292,173.559444,North Takerau Bay,0,0,0,0,0,0,0,0,0,0,0,0,0,0,0,0,0,0,0,0,0,0,0,0,0,0,1.667,0,0,0,0,0,0,0,0,0,0,0,0,0,0,0,0,0,0,0,0,0,0,0,0,0,0,0,0,0,0,0,0,0,1.667,0,0,0,0,0,0,0,0,0,0.833,0,0,0,0,0,0,0,0,0,0,0,0,15.833,2.5,0,0,0,0,0,0,0,0,0,0,0,15,0,0,0,0,0,0,0,2.5,0,0,0,0,0,0,0,0,0,0,0,0,0,1.667,1.667,0,0,0,0,0,0,0,0,0,12.5,0,40,4.167,0,0,0,0,0
5367825,SHGCNCT_S001_S001_T004_00071.jpg,Doubtless bay,DB11,52,-34.906292,173.559444,North Takerau Bay,0,0.833,0,0,0,0,0,0,0,0.833,0,0,0,0,0,0,0,0,0,0,0,0,0,0,0,0,0,0,0,0,0,2.5,0,0,0,0,0,0,0,0,0,0,0,0,0,0,0,0,0,0,0,0,0,0,0,0,0,0,0,0,0,0,0,0.833,0,0,0,0,0,0,0.833,0,0,0,0,0,0,0,0,0,0,0,0,8.333,0.833,0,0,0,0,0,0,0,0,0,0,0,4.167,0,0,0,0,0,0,0,1.667,0,0,0,0,0,0,0,0,0,0.833,0,0,0,0.833,2.5,0,0,0,0,0,0,0,0,0,23.333,0,46.667,5,0,0,0,0,0
5367826,SHGCNCT_S001_S001_T004_00080.jpg,Doubtless bay,DB11,52,-34.906292,173.559444,North Takerau Bay,0,0,0,0,0,0,0,0,0,0,0,0,0,0,0,0,0,0,0,0,0,0,0.833,0,0,0,0,0,0,0,0,0.833,2.5,0,0,0,0,0,0,0,0,0,0,0,0,1.667,0,2.5,0,0,0,0,0,0,0,0,0,0,0,0,0,0,0,0,0,0,0,0,0,0,0,0,0,0,0,0,0,0,0,0,0,1.667,0,11.667,8.333,0,0,0,0,0,0,0,0.833,0,0,0,5.833,0,0,0,0,0,0,0,0,0,0,0,0,0,0,0,0,0,0,0,0,0,0,0,0,0,0,0,0,0,0,0,0,19.167,0,43.333,0.833,0,0,0,0,0
5367827,SHGCNCT_S001_S001_T004_00116.jpg,Doubtless bay,DB11,52,-34.906292,173.559444,North Takerau Bay,0,0,0,0,0,0,0,0,0,0,0,0,1.667,0,0,0,0,0,0,0,0,0,0,0,0,0,2.5,0,0,0,0,0,2.5,0,0,0,0,0,0.833,0,0,0,0,0,0,0.833,0,7.5,0,0,0,0,0,0,0,0,0,0,0,0,0,0,0,0,0,0,0,0,0,0,0.833,0,0,0,0,0,0,0,0,0,0,0,0,0.833,0,0,0,0,0,0,0,0,0,0,0,0,6.667,0,0,0,0,0,0,0,0,0,0,0,0,0,0,0,0,0,0,0,0,0,0,0,0,0,0,0,0,0,0,0,0,35.833,0,38.333,1.667,0,0,0,0,0
5367828,SHGCNCT_S001_S001_T004_00138.jpg,Doubtless bay,DB11,52,-34.906292,173.559444,North Takerau Bay,0,0,0,0,0,0,0,0,0,0,0,0,0.833,0,0,0,0,0,0,0,0,0,1.667,0,0,0,1.667,0,0,0,0,2.5,0,0,0,0,0,0,0,0,2.5,0,0,0,0,0,0,3.333,0,0,0,0,0,0,0,0,0,0,0,0,1.667,0,0,0,0,0,0,0,0,0,0,0,0,0,0,0,0,0,0,0,0,0,0,12.5,0,0,0,0,0,0,0,0,0,0,0,0,2.5,0,0,0,0,0,0,0,0,0,0,0,0,0,0,0,0,0,0,0,0,0,0,0,0,0,0,0,0,0,0,0,0,21.667,0,45.833,3.333,0,0,0,0,0
5367829,SHGCNCT_S001_S001_T004_00162.jpg,Doubtless bay,DB11,52,-34.906292,173.559444,North Takerau Bay,0,0,0,0,0,0,0.833,0,0,0,0,0,2.5,0,0,0,0,0,0,0,0,0,0,0,0,3.333,5,0,0,0,0,0.833,1.667,0,0,0,0,0,0,0,0,0,0,0,0,0.833,0,0,0,0,0,0,0,0,0,0,0,0,0,0,0,0,0,0.833,0,0,0,0,0,0,0,0,0,0,0,0,0,0,0.833,5.833,0,0,0,10,0,0,0,0,0,0,0.833,0,0,0,0,0,5.833,0,0,0,0,0,0,0,0.833,0,0,0,0,0,0,0,0,0,0,0,0,0,0,0,0,0,0,0,0,0,0,0,0,21.667,0,31.667,6.667,0,0,0,0,0
5367830,SHGCNCT_S001_S001_T004_00175.jpg,Doubtless bay,DB11,52,-34.906292,173.559444,North Takerau Bay,0,0,0,0,0,0,0,0,0,0,0,0,0.833,0,0,0,0,0,0,0,0,0,0,0,0,0,0.833,0,0,0,0,0,0,0,0,0,0,0,0,0,0,0,0,0,0.833,0.833,0,0,0,0,0,0,0,0,0,0,0,0,0,0,0,0,0,0,0,0,0,0,0,0,0,0,0,0,0,0,0,0,0,1.667,0,0,0,5,0,0,0,0,0,5,0,0,1.667,0,0,0,7.5,0,0,0,0,0,0,0,0,0,0,0,0,0,0,0,0,0,0,0,0,0,0,0,0,0,1.667,0,0,0,0,0,0,40,0,34.167,0,0,0,0,0,0
5367831,SHGCNCT_S001_S001_T004_00195.jpg,Doubtless bay,DB11,52,-34.906292,173.559444,North Takerau Bay,0,0,0,0,0,0,0,0,0,0,0,0,0,0,0,0,0,0,0,0,0,0,0,0,0,0,1.667,0,0,0,0,0,0,0,0,0,0,0,0,0,0,0,0,0,0,0,0,2.5,0,0,0,0,0,0,0,0,0,0,0,0,0,0,0,0,0,0,0,0,0,0,0,0,0,0,0,0,0,0,0,0,0,0,0,5.833,0,0,0,0,0,0,0,0,0,0,0,0,1.667,0,0,0,0,0,0,0,0,0,0,0,0,0,0,0,0,0,0,0,0,0,0.833,0,0,0,0,0,0,0,0,0,0,47.5,0,40,0,0,0,0,0,0
5367832,SHGCNCT_S001_S001_T004_00206.jpg,Doubtless bay,DB11,52,-34.906292,173.559444,North Takerau Bay,0,0,0,0.833,0,0,0,0,0,0,0,0,0.833,0,0,0,0,0,0,0.833,0,0,0,0,0,0,2.5,0,0,0,0,0,0,0,0,0,0,0,0,0,0,0,0,0,0,0,0,3.333,0,0,0,0,0,0,0,0,0,0,0,0,0,0,0,0,0,0,0,0,0,0,0,0,0,0,0,0,0,0,0,0,0,0,0,3.333,0,0,0,0,0,0,0,0,0,0,0,0,5.833,0,0,0,0,0,0,0,0,0,0,0,0,0,0,0,0,0,0,0,0,0,1.667,0,0,1.667,0,0,0,0,0,0,0,39.167,0,39.167,0,0,0.833,0,0,0
5367833,SHGCNCT_S001_S001_T004_00262.jpg,Doubtless bay,DB11,52,-34.906292,173.559444,North Takerau Bay,0,0,0,0,0,0,0,0,0,0,0,0,0,0,0,0,0,0,0,0,0,0,1.667,0,0,0,0.833,0,0,0.833,0,0.833,0,0,0,0,0,0,0,0,0,0,0,0,0,0,0,11.667,0,0,0,0,0,0,0,0,0,0,0,0,0,0,0,0,0,0,0,0,0,0,0,0,0,0,0,0,0,0,0,0.833,0,0,0,3.333,1.667,0,0,0,0,0,0,0,0,0,0,0,2.5,0,0,0,0,0,0,0,0,0,0,0,0,0,0,0,0,0,0,0,0,0,0,0,0,0,0,0,0,0,0,0,0,35.833,0,35.833,0,0,4.167,0,0,0
5367834,SHGCNCT_S001_S001_T002_00016.jpg,Doubtless bay,DB12,50,-34.91655,173.573239,North-West Motutara Bay,0,0,0,0,0,0,0,0,0,0,0,0,2.5,0,0,0,0,0,0,0,0,0,0,0,0,0,13.333,0,0,0,0,0,8.333,0,0,0,0,0,0,0,0,0,0,0,0,0,0,0,0,0,0,0,0,0,0,0,0,0,0,0,7.5,0,0,0,0,0,0,0,0,0,0,0,0,0,0,0,0,0,0,0,0,0,0,0,0,0,0,0,0,0,0,0,0,0,0,0,0,0,0,0,0,0,5,0,0,0,0,0,0,0,0,0,0,0,0,0,0,0,0,0,0,0,0,0,0,0,0,0,0,30.833,0,26.667,0,5.833,0,0,0,0
5367835,SHGCNCT_S001_S001_T003_00005.jpg,Doubtless bay,DB12,50,-34.91655,173.573239,North-West Motutara Bay,0,0,0,0,0,0,0,0,0,0,0,0,2.5,0,0,0,0,0,0,0,0,0,0,0,0,0,15,0,0,0,0,0,2.5,0,0,0,0,0,0,0,0.833,0,0,0,0,0,0,0,0,1.667,0,0,0,0,0,0,0,0,0,0,3.333,0,0,0,0,0,0,0,0,0,0,0,0,0,0,0,0,0,0,0,0,0,0,0,0,0,0,0,0,0,0,0,0,0,0,0,0,0,0,0,0,0,0.833,0,0,0,0,0,0,0,0,0,0,0,0,0,0,0,0,0,0,0,0,0,0,0,0,0,0,35.833,0,35.833,0,1.667,0,0,0,0
5367836,SHGCNCT_S001_S001_T003_00017.jpg,Doubtless bay,DB12,50,-34.91655,173.573239,North-West Motutara Bay,0,0,0,0,0,0,0,0,0,0,0,0,1.667,0,0,0,0,0,0,0,0,0,0,0,0,0,10.833,0,0,0,0,0,10,0,0,0,0,0,0,0,0,0,0,0,0,0,0,0,0,0,0,0,0,0,0,0,0,0,0,0,1.667,0,0,0,0,0,0,0,0,0,0,0,0,0,0,0,0,0,0,0,0,0,0,0,0,0,0,0,0,0,0,0,0,0,0,0,0,0,0,0,0,0,2.5,0,0,0,0,0,0,0,0,0,0,0,0,0,0,0,0,0,0,0,0,0,0,0,0,0,0,36.667,0,32.5,3.333,0.833,0,0,0,0
5367837,SHGCNCT_S001_S001_T003_00030.jpg,Doubtless bay,DB12,50,-34.91655,173.573239,North-West Motutara Bay,0,0,0,0,0,0,0,0,0,0,0,0,5,0,0,0,0,0,0,0,0,0,0,0.833,0,0,7.5,0,0,0,0,0,10,0,0,0,0,0,0,0,2.5,0,0,0,0,0,0,0,0,0,0,0,0,0,0,0,0,0,0,0,0.833,0,0,0,0,0,0,0,0,0,0.833,0,0,0,0,0,0,0,0,0,0,0,0,0,0,0,0,0,0,0,0,0,0,0,0,0,0,0,0,0,0,0,1.667,0,0,0,0,0,0,0,0,0,0,0,0,0,0,0,0,0,0,0,0.833,0,0,0,0,0,0,31.667,0,34.167,2.5,1.667,0,0,0,0
5367838,SHGCNCT_S001_S001_T003_00033.jpg,Doubtless bay,DB12,50,-34.91655,173.573239,North-West Motutara Bay,0,0,0,0,0,0,0,0,0,0,0,0,0,0,0,0,0,0,0,0,0,0,0,0.833,0,0,8.333,0,0,0,0,0,10.833,0,0,0,0,0,0,0,0,0,0,0,0,0,0,0,0,0,0,0,0,0,0,0,0,0,0,0,2.5,0,0,0,0,0,0,0,0,0,2.5,0,0,0,0,0,0,0,0,0,0,0,0,0,0,0,0,0,0,0,0,0,0,0,0,0,0,0,0,0,0,0,0,0,0,0,0,0,0,0,0,0,0,0,0,0,0,0,0,0,0,0,0,0,0,0,0,0,0,43.333,0,28.333,0,3.333,0,0,0,0
5367839,SHGCNCT_S001_S001_T004_00004.jpg,Doubtless bay,DB12,50,-34.91655,173.573239,North-West Motutara Bay,0,0,0,0,0,0,0,0,0,0,0,0,1.667,0,0,0,0,0,0,0,0,0,0,0,0,0,5,0,0,0,0,0,2.5,0,0,0,0,0,0,0,0.833,0,0,0,0,0,0,0,0,0,0,0,0,0,0,0,0,0,0,0,3.333,0,0,0,0,0,0,0,0,0,0.833,0,0,0,0,0,0,0,0,0,0,0,0,0,0,0,0,0,0,0,0,0,0,0,0,0,0,0,0,0,0,0,0,0,0,0,0,0,0,0,0,0,0,0,0,0,0,0,0,0,0,0,0,0,0,0,0,0,0,50,0,22.5,0,13.333,0,0,0,0
5367840,SHGCNCT_S001_S001_T004_00043.jpg,Doubtless bay,DB12,50,-34.91655,173.573239,North-West Motutara Bay,0,0,0,0,0,0,0,0,0,0,0,0,0,0,0,0,0,0,0,0,0,0,0,0,0,0,4.167,0,0,0,0,0,0.833,0,0,0,0,0,0,0,0,0,0,0,0,0,0,0,0,0,0,0,0,0,0,0,0,0,0,0,1.667,0,0,0,0,0,0,0,0,0,0,0,0,0,0,0,0,0,0,0,0,0,0,0,0,0,0,0,0,0,0,0,0,0,0,0,0.833,0,0,0,0,0,0.833,0,0,0,0,0,0,0,0,0,0,0,0,0,0,0,0,0,0,0,0.833,0,0,0,0,0,0,49.167,0,32.5,0,9.167,0,0,0,0
5367841,SHGCNCT_S001_S001_T004_00058.jpg,Doubtless bay,DB12,50,-34.91655,173.573239,North-West Motutara Bay,0,0,0,0,0,0,0,0,0,0,0,0,0.833,0,0,0,0,0,0,0,0,0,0,0,0,0,7.5,0,0,0,0,0,0.833,0,0,0,0,0,0,0,0,0,0,0,0,0,0,0,0,0,0,0,0,0,0,0,0,0,0,0,1.667,0,0,0,0,0,0,0,0,0,0.833,0,0,0,0,0,0,0,0,0,0,0,0,0,0,0,0,0,0,0,0,0,0,0,0,0,0.833,0,0,0,0,0,0,0,0,0,0,0,0,0,0,0,0,0,0,0,0,0,0,0,0,0,0,0,0,0,0,0,0,48.333,0,31.667,0.833,6.667,0,0,0,0
5367842,SHGCNCT_S001_S001_T004_00121.jpg,Doubtless bay,DB12,50,-34.91655,173.573239,North-West Motutara Bay,0,0,0,0,0,0,0,0,0,0,0,0,4.167,0,0,0,0,0,0,0,0,0,0,2.5,0,0,4.167,0,0,0,0,0,5,0,0,0,0,0,1.667,0,0,0,0,0,0,0,0,0,0,0,0,0,0,0.833,0,0,0,0,0,0,5,0,0,0,0,0,0,0,0,0,0,0,0,0,0,0,0,0,0,0,0,0,0,0,0,0,0,0,0,0,0,0,0,0,0,0,0,0.833,0,0,0,0,0.833,0,0,0,0,0,0,0,0,0,0,0,0,0.833,0,0,0,0,0,0,0.833,0,0,0,0,0,0,14.167,0,37.5,6.667,15,0,0,0,0
5367843,SHGCNCT_S001_S001_T004_00148.jpg,Doubtless bay,DB12,50,-34.91655,173.573239,North-West Motutara Bay,0,0,0,0,0,0,0,0,0,0,0,0,6.667,0,0,0,0,0,0,0,0,0,0,0,0,0,1.667,0,0,0,0,0.833,13.333,0,0,0,0,0,0,0,0,0,0,0,0,0,0,0,0,0,0,0,0,0,0,0,0,0,0,0,2.5,0,0,0,0,0,0,0,0,0,1.667,0,0,0,0,0,0,0,0,0,0,0,0,0,5,0,0.833,0,0,0,0,0,0,0,0,0,0,0,0,0,0,0,0,0,0,0,0,0,0,0,0,0,0,0,0,0,0,0,0,0,0,0,0,0,0,0,0,0,0,26.667,0,32.5,1.667,6.667,0,0,0,0
5367844,SHGCNCT_S001_S001_T001_00038.jpg,Doubtless bay,DB13,100,-34.8489,173.606583,East Doubtless Bay,0,0,0,0,0,0,0,0,0,0,0,0,1.667,0,0,0,0,0,0,0,0,0,0,0,0,0,0,0,0,0,0,0,0,0,0,0,0,0,0,0,0,0,0,0,0,0,0.833,0,0,0,0,0,0,0,0,0,0,0,0,0,0,0,0,0,0,0,0,0,0,0,0,0,0,0,0,0,0,0,0,0,0,0,0,0,0,0,0,0,0,0,0,0,0,0,0,0,0,0,0,0,0,13.333,0,0,0,0,0,0,0,0,0,0,0,0,0,0,0,0,0,0,0,0,0,0,0,0,0,0,0,63.333,0,10.833,10,0,0,0,0,0
5367845,SHGCNCT_S001_S001_T001_00074.jpg,Doubtless bay,DB13,100,-34.8489,173.606583,East Doubtless Bay,0,0,0,0,0,0,0,0,0,0,0,0,1.667,0,0,0,0,0,0,0,0,0,0,0,0,0,0,0,0,0,0,0,0,0,0,0,0,0,0,0,0,0,0,0,0,0,0,0,0,0,0,0,0,0,0,0,0,0,0,0,0,0,0,0,0,0,0,0,0,0,0,0,0,0,0,0,0,0,0,0,0,0,0,0,0,0,0,0,0,0,0,0,0,0,0,0,0,0,0,0,0,11.667,0,0,0,0,0,0,0,0,0.833,0,0,0,0,0,0,0.833,0,0,0,0,0,0,0,0,0,0,0,42.5,0,33.333,9.167,0,0,0,0,0
5367846,SHGCNCT_S001_S001_T001_00524.jpg,Doubtless bay,DB13,100,-34.8489,173.606583,East Doubtless Bay,0,0,0,0,0,0,0,0,0,0,0,0,0,0,0,0,0,0,0,0,0,0,0,0,0,0,0,0,0,0,0,0,0,0,0,0,0,0,0,0,0,0,0,0,0,0,0,0,0,0,0,0,0,0,0,0,0,0,0,0,0,0,0,0,0,0,0,0,0,0,0,0,0,0,0,0,0,0,0,0,0,0,0,0,0,0,0,0,0,0,0,0,0,0,0,0,0,0,0,0,0,26.667,0,0,0,0,0,0,0,0,0,0,0,0,0,0,0,0,0,0,0,0,0,0,0,0,0,0,0,21.667,0,46.667,5,0,0,0,0,0
5367847,SHGCNCT_S001_S001_T001_00596.jpg,Doubtless bay,DB13,100,-34.8489,173.606583,East Doubtless Bay,0,0,0,0,0,0,0,0,0,0,0,0,0,0,0,0,0,0,10,0,0,0,0,0,0,0,0,0,0,0,0,0,0,0,0,0,0,0,0,0,0,0,0,0,0,0.833,0.833,0,0,0,0,0,0,0,0,0,0,0,0,0,0,0,0,0,0,0,0,0,0,0,0,0,0,0,0,0,0,0,0,0,0,0,0,0,0,0,0,0,0,0,0,0,0,0,0,0,0,0,0,0,0,3.333,0,0,0,0,0,0,0,0,0,0,0,0,0,0,0,2.5,0,0,0,0,0,0,0,0,0,0,0,22.5,0,43.333,16.667,0,0,0,0,0
5367848,SHGCNCT_S001_S001_T001_00601.jpg,Doubtless bay,DB13,100,-34.8489,173.606583,East Doubtless Bay,0,0,0,0,0,0,0,0,0,0,0,0,0,0,0,0,0,0,7.5,0,0,0,0,0,0,0,0,0,0,0,0,0,0,0,0,0,0,0,0,0,0,0,0,0,0,3.333,0.833,0,0,0,0,0,0,0,0,0,0,0,0,0,0,0,0,0,0,0,0,0,0,0,0,0,0,0,0,0,0,0,0,0,0,0,0,0,0,0,0,0,0,0,0,0,0,0,0,0,0.833,0,0,0,0,5.833,0,0,0,0,0,0,0,0,0,0,0,0,0,0,0,1.667,0,0,0,0,0,0,0,0,0,0,0,19.167,0,56.667,4.167,0,0,0,0,0
5367849,SHGCNCT_S001_S001_T001_00751.jpg,Doubtless bay,DB13,100,-34.8489,173.606583,East Doubtless Bay,0,0,0,0,0,0,0,3.333,0,0,0,0,0.833,0,0,0,0,0,0,0,0,0,0,0,0,0,0,0,0,0,0,0,0,0,0,0,0,0,0,0,0,0,0,0,0,0,5,0,0,0,0,0,0,0,0,0,0,0,0,0,0,0,0,0,0,0,1.667,0,0,0,0,0,0,0,0,0,0,0,0,0,0,0,0,0,0,0,0,0,0,0,0,0,0,0,0,0,0,0,0,0,0,20,0,0,0,0,0,18.333,0,0,0,0,0,0,0,0,0,0.833,0,0,0,0,2.5,0,0,0,0,0,0,3.333,0,35.833,8.333,0,0,0,0,0
5367850,SHGCNCT_S001_S001_T001_00770.jpg,Doubtless bay,DB13,100,-34.8489,173.606583,East Doubtless Bay,0,0,0,0,0,0,0,0,0,0,0,0,0,0,0,0,0,0,0,0,0,0,0,0,0,0,0,0,0,0,0,0,0,0,0,0,0,0,0,0,0,0,0,0,0,0,0,0,0,0,0,0,0,0,0,0,0,0,0,0,0,0,0,0,0,0,0,0,0,0,0,0,0,0,0,0,0,0,0,0,0,0,0,0,0,0,0,0,0,0,0,0,0,0,0,0,0,0,0.833,0,0,7.5,0,0,0,0,0,0,0,0,0,0,0,0,0,0,0,0.833,0,0,0,0,0.833,0,0,0,0,0,0,38.333,0,45,6.667,0,0,0,0,0
5367851,SHGCNCT_S001_S001_T001_00910.jpg,Doubtless bay,DB13,100,-34.8489,173.606583,East Doubtless Bay,0,0,0,0,0,0,0,0,0,0,0,0,0.833,0,0,0,0,0,0,0,0,0,0,0,0,0,0.833,0,0,0,0,0,0,0,0,0,0,0,0,0,0,0,0,0,0,0,1.667,0,0,0,0,0,0,0,0,0,0,0,0,0,0,0,0,0,0,0,0,0,0,0,0,0,0,0,0,0,0,0,0,0,0,0,0,0,0,0,0,0,0,0,0,0,0,0,0,0,0,0,0,0,0,1.667,0,0,0,0,0,9.167,0,0,0,0,0,0,0,0,0,1.667,0,0,0,0,0.833,0,0,0,0,0,0,13.333,0,60.833,9.167,0,0,0,0,0
5367852,SHGCNCT_S001_S001_T001_00968.jpg,Doubtless bay,DB13,100,-34.8489,173.606583,East Doubtless Bay,0,0,0,0,0,0,0,0,0,0,0,0,0,0,0,0,0,0,0,0,0,0,0,0,0,0,0,0,0,0,0,0,0,0,0,0,0,0,3.333,0,0,0,0,0,0,0.833,0,0,0,0,0,0,0,0,0,0,0,0,0,0,0,0,0,0,0,0,0,0,0,0,0,0,0,0,0,0,0,0,0,0,0,0,0,0,0,0,0,0,0,0,0,0,0,0,0,0,0,0,0,0,0,15.833,0,0,0,0,0,0,0,0,0,0,0,0,0,0,0,0,0,0,0,0,0,0,0,0,0,0,0,26.667,0,45.833,7.5,0,0,0,0,0
5367853,SHGCNCT_S001_S001_T001_01111.jpg,Doubtless bay,DB13,100,-34.8489,173.606583,East Doubtless Bay,0,0,0,0,0,0,0,0,12.5,0,0,0,0,0,0,0,0,0,1.667,0,0,0,0,0,0,0,0,0,0,0,0,0,0,0,0,0,0,0,0,0,0,0,0,0,0,0,0,0,0,0,0,0,0,0,0,0,0,0,0,0,0,0,0,0,0,0,0,0,0,0,0,0,0,0,0,0,0,0,0,0,0,0,0,0,0,0,0,0,0,0,0,0,0,0,0,0,0,0,0,0,0,5,0,0,0,0,0,0,0,0,0,0,0,0,0,0,0,0,0,0,0,0,0,0,0,0,0,0,0,74.167,0,0.833,5.833,0,0,0,0,0
5454634,DB14_SHGCNCT_S001_S001_T002_0055.jpg,Doubtless bay,DB14,105,-34.838553,173.614961,East Doubtless Bay,0,0,0,0,0.833,0,0,0,0,0.833,0,0,0,0,0,0,0,0,1.667,1.667,0,0,0,0,0,0,0,0,0,0,0,0,0,0,0,0,0,0,0,0,0,0,0,0,0,0,0,0,0,0,0,0,0,0,0,0,0,0,0,0,0,2.5,0,0,0,0,0,0,0,0,0,0,0,0,0,0,0,0,0,0,0,0,0,0,0,0,0,0,0,0,0,0,0,0,0,0,0,0,0,0,0,0.833,0,0,0,0,0,0,0,0,0,0,0,0,0,0,0,0,0,0,0,0,0,0,0,0,0,0,0,54.167,0,27.5,10,0,0,0,0,0
5454635,DB14_SHGCNCT_S001_S001_T002_0072.jpg,Doubtless bay,DB14,105,-34.838553,173.614961,East Doubtless Bay,0,0,0,0,0,0,0,0,0,1.667,0,0,0.833,0,0,0,0,0,0,0,0,0,0,0,0,0,0,0,0,0.833,0,0,0,0,0,0,0,0,0,0,0,0,0,0,0,0,0,0,0,0,0,0,0,0,0,0,0,0,0,0,0,7.5,0,0,0,0,0,0,0,0,0,0,0,0,0,0,0,1.667,0,0,0,0,0,0,0,0,0,0,0,0,0,0,0,0,0,2.5,0,0,0,0,0,0.833,0,0,0,0,0,0,0,0,0,0,0,0,0,3.333,0,0,0,0,0,0,0,0,0,0,0,0,0,18.333,0,44.167,18.333,0,0,0,0,0
5454637,DB14_SHGCNCT_S001_S001_T002_0080.jpg,Doubtless bay,DB14,105,-34.838553,173.614961,East Doubtless Bay,0,0,0,0,0,0,0,0,0,0,0,0,0,0,0,0,0,0,0,0,0,0,0,0,0,0,0,0,0,0,0,0,0,0,0,0,0,0,0,0,0,0,0,0,0,0,0,0,0,0,0,0,0,0,0,0,0,0,0,0,0,4.167,0,0,0,0,0,0,0,0,0,0,0,0,0,0,0,0,0,0,0,0,0,0,0,0,0,0,0,0,0,0,0,0,0,0,0,0,0,0,0,0,0,0,0,0,0,0,0,0,0,0,0,0,0,0,0,0,0,0,0,0,0,0,0,0,0,0,0,39.167,0,40.833,15.833,0,0,0,0,0
5454638,DB14_SHGCNCT_S001_S001_T002_0087.jpg,Doubtless bay,DB14,105,-34.838553,173.614961,East Doubtless Bay,0,0,0,0,0,0,0,0,0,1.667,0,0,0,0,0,0,0,0,0,0,0,0,0,0,0,0,0,0,0,0,0,0,0,0,0,0,0,1.667,0,0,0,0,0,0,0,0,0.833,0,0,0,0,0,0,0,0,0,0,0,0,0,0,1.667,0,0,0,0,0,0,0,0,0,0,0,0,0,0,0,4.167,0,0,0,0,0,0,0,0,0,0,0,0,0,0,0,0,0,0,0,0,0,0,0,0.833,0,0,0,0,0,0,0,0,0,0,0,0,0,0,0,0,0,0,0,0,0,0,0,0,0,0,0,26.667,0,38.333,24.167,0,0,0,0,0
5454639,DB14_SHGCNCT_S001_S001_T002_0106.jpg,Doubtless bay,DB14,105,-34.838553,173.614961,East Doubtless Bay,0,0,0,0,0,0,0,0,0,0,0,0,0,0,0,0,0,0,0,0,0,0,0,0,0,0,0,0,0,0,0,0,0,0,0,0,0,0,0,0,0,0,0,0,0,0,0,0,0.833,0,0,0,0,0,0,0,0,0,0,0,0,5,0,0,0,0,0,0,0,0,0,0,0,0,0,0,0,0,0,0,0,0,0,0,0,0,0,0,0,0,0,0,0,0,0,0,0,0,0,0,0,0,0,0,0,0,0,0,0,0,0,0,0,0,0,0,0.833,0,0,0,0,0,0,0,0,0,0,0,0,48.333,0,20.833,24.167,0,0,0,0,0
5454640,DB14_SHGCNCT_S001_S001_T002_0113.jpg,Doubtless bay,DB14,105,-34.838553,173.614961,East Doubtless Bay,0,0,0,0,0,0,0,0,0,0,0,0,0.833,0,0,0,0,0,0,0,0,0,0,0,0,0,0,0,0,0,0,0,0,0,0,0,0,2.5,0.833,0,0,0,0,0,0,0,0,0,0,0,0,0,0,0,0,0,0,0,0,0,0,3.333,0,0,0,0,0,0,0,0,0,0,0,0,0,0,0,4.167,0,0,0,0,0,0,0,0,0,0,0,0,0,0,0,0,0,0,0,0,0,0,0,0.833,0,0,0,0,0,0,0,0,0,0,0,0,0,0.833,0,0,0,0,0,0,0,0,0,0,0,0,0,42.5,0,35,9.167,0,0,0,0,0
5454641,DB14_SHGCNCT_S001_S001_T002_0131.jpg,Doubtless bay,DB14,105,-34.838553,173.614961,East Doubtless Bay,0,0,0,0,0,0,0,0,0,1.667,0,0,0,0,0,0,0,0,0,0,0,0,0,0,0,0,0,0,0,0,0,0,0,0,0,0,0,0.833,0.833,0,0,0,0,0,0,0,0,0,0,0,0,0,0,0,0,0,0,0,0,0,0,3.333,0,0,0,0,0,0,0,0,0,0,0,0,0,0,0,2.5,0,0,0,0,0,0,0,0,0,0,0,0,0,0,0,0,0,0,0,0,0,0,0,0.833,0,0,0,0,0,0,0,0,0,0,0,0,0,0.833,0,0,0,0,0,0,0,0,0,0,0,0,0,35.833,0,37.5,15.833,0,0,0,0,0
5454642,DB14_SHGCNCT_S001_S001_T002_0150.jpg,Doubtless bay,DB14,105,-34.838553,173.614961,East Doubtless Bay,0,0,0,0,0,0,0,0,0,2.5,0,0,0,0,0,0,0,0,0,0,0,0,0,0,0,0,0,0,0,0,0,0,0,0,0,0,0,0,0.833,0.833,0,0,0,0,0,0,0,0,0,0,0,0,0,0,0,0,0,0,0,0,0,0,0,0,0,0,0,0,0,0,0,0,0,0,0,0,0,0,0,0,0,0,0,0,0,0,0,0,0,0,0,0,0,0,0,0,0,0,0,0,0,7.5,0,0,0,0,0,0,0,0,0,0,0,0,0,0.833,0,0,0,0,0,0,0.833,0,0,0,0,0,0,38.333,0,38.333,10,0,0,0,0,0
5454643,DB14_SHGCNCT_S001_S001_T002_0168.jpg,Doubtless bay,DB14,105,-34.838553,173.614961,East Doubtless Bay,0,0,0,0,0,0,0,0,0,2.5,0,0,0,0,0,0,0,0,0,0,0,0,0,0,0,0,0,0,0,0,0,0,0,0,0,0,0,2.5,0,0,0,0,0,0,0,0,0,0,0,0,0,0,0,0,0,0,0,0,0,0,0,0.833,0,0,0,0,0,0,0,0,1.667,0,0,0,0,0,0,2.5,0,0,0,0,0,0,0,0,0,0,0,0,0,0,0,0,0.833,0,0,0,0,0,0.833,0.833,0,0,0,0,0,0,0,0,0,0,0,0,0,3.333,0,0,0,0,0,0,0,0,0,0,0,0,0,19.167,0,46.667,18.333,0,0,0,0,0
5454644,DB14_SHGCNCT_S001_S001_T002_0207.jpg,Doubtless bay,DB14,105,-34.838553,173.614961,East Doubtless Bay,0,0,0,0,0,0,0,0,0,0,0,0,0,0,0,0,0,0,0,0,0,0,0,0,0,0,0.833,0,0,0,0,0,0,0,0,0,0,0,0.833,0,0,0,0,0,0,0,0.833,0,0,0,0,0,0,0.833,0,0,0,0,0,0,0,0,0,0,0,0,0,0,0,0,0,0,0,0,0,0,0,0,0,0,0,0,0,0,0,0,0,0,0,0,0,0,0,0,0,0,0,0,0,0,0,0,0,0,0,0,0,17.5,0,0,0,0,0,0,0,5.833,0,0,0,0,0,0,0.833,0,0,0,0,0,0,4.167,0,56.667,11.667,0,0,0,0,0
5367854,SHGCNCT_S001_S001_T001_00023.jpg,Doubtless bay,DB15,106,-34.842397,173.697039,North-East Wekarua Island,0,0,0,0,0,0,0,0,0,0,0,0,0,0.833,0,0,0,0,0,0,0,0,0,0,0,0,0,0,0,0,0,0,0,0,0,0,0,0,0,0,0,0,0,0,0,0,0,0,0,0,0,0,0,0,0,0,0,0,0,0,0,0,0,0,0,0,0,0,0,0,0,0,0,0,0,0,0,0,0,0,0,0,0,0,0,0,0,0,0,0,0,0,0,0,0,0,0,0,0,0,0,4.167,0,0,0,0,0,0,0,0,0,0,0,0,0,0,0,0,0,0,0,0,1.667,0,0.833,0,0,0,0,66.667,0,15,10.833,0,0,0,0,0
5367855,SHGCNCT_S001_S001_T001_00034.jpg,Doubtless bay,DB15,106,-34.842397,173.697039,North-East Wekarua Island,0,0,0,0,0,0,0,0,0,0,0,0,0,1.667,0,0,0,0,0,0,0,0,0,0,0,0,0,0,0,0,0,0,0,0,0,0,0,0,0,0,0,0,0,0,0,0,0,0,0,0,0,0,0,0,0,0,0,0,0,0,0,0,0,0,0,0,0,0,0,0,0,0,0,0,0,0,0,0,0,0,0,0,0,0,0,0,0,0,0,0,0,0,0,0,0,0,0,0,0,0,0,3.333,0,0,0,0,0,0,0,0,0,0,0,0,0,0,0,0,0,0,0,0,1.667,0,0,0,0,0,0,40,0,50.833,2.5,0,0,0,0,0
5367856,SHGCNCT_S001_S001_T001_00057.jpg,Doubtless bay,DB15,106,-34.842397,173.697039,North-East Wekarua Island,0,0,0,0,0,0,0,0,0,0,0,0,0.833,0,0,0,0,0,0,0,0,0,0,0.833,0,0,0,0,0,0,0,0,0,0,0,0,0,0,0,0,0,0,0,0,0,0,0,0,0,0,0,0,0,0,0,0,0,0,0,0,0,0,0,0,0,0,0,0,0,0,0,0,0,0,0,0,0,0,0,0,0,0,0,0,0,0,0,0,0,0,0,0,0,0,0,0,0,0,0,0,0,3.333,0.833,0,0,0,0,0,0,0,0,0,0,0,0,1.667,0,3.333,0,0,0,0,0,0,0,0,0,0,0,51.667,0,37.5,0,0,0,0,0,0
5367857,SHGCNCT_S001_S001_T001_00189.jpg,Doubtless bay,DB15,106,-34.842397,173.697039,North-East Wekarua Island,0,0,0,0,0,0,0,0,0,0,0,0,3.333,0,0,0,0,0,0,0.833,0,0,0,0,0,0,2.5,0,0,0,0,0,0,0,0,0,0,0,0,0,0,0,0,0,0,0,0,0,0,0,0,0,0,0,0,0,0,0,0,0,0,0,0,0,0,0,0,0,0,0,0,0,0,0,0,0,0,0,0,0,0,0,0,0,0,0,0,0,0,0,0,0,0,0,0,0,0,0,0,0,0,0,0.833,0,0,0,0,0,0,0,0,0,0,0,0,0,0,0,0,0,0,0,0.833,0,0,0,0,0,0,35.833,0,55.833,0,0,0,0,0,0
5367858,SHGCNCT_S001_S001_T001_00444.jpg,Doubtless bay,DB15,106,-34.842397,173.697039,North-East Wekarua Island,0,0,0,0,0,0,0,0,0,0,0,0,0,0,0,0,0,0,0,0,0,0,0,0,0,0,0,0,0,0,0,0,0,0,0,0,0,0,0,0,0,0,0,0,0,0,0,0,0,0,0,0,0,0,0,0,0,0,0,0,0,0,0,0,0,0,0,0,0,0,0,0,0,0,0,0,0,0,0,0,0,0,0,0,0,0,0,0,0,0,0,0,0,0,0,0,0,0,0,0,0,7.5,0,0,0,0,0,0,0,0,0,0,0,0,0,0,0.833,0,0,0,0,0,1.667,0,0,0,0,0,0,36.667,0,49.167,4.167,0,0,0,0,0
5367859,SHGCNCT_S001_S001_T002_00549.jpg,Doubtless bay,DB15,106,-34.842397,173.697039,North-East Wekarua Island,0,0,0,0,0,0,0,0,0,0,0,0,1.667,0.833,0,0,0,0,0,0,0,0,0,0,0,0,0,0,0,0,0,0,0,0,0,0,0,0,0,0.833,0,0,0,0,0,0,0,0,0,0,0,0,0,0,0,0,0,0,0,0,0,0,0,0,0,0,0,0,0,0,0,0,0,0,0,0,0,0,0,0,0,0,0,0,0,0,0,0,0,0,0,0,0,0,0,0,0,0,0,0,0,0,0,0,0,0,0,0,0,0,0,0,0,0,0,0,0,2.5,0,0,0,0,1.667,0,0,0,0,0,0,80,0,7.5,5,0,0,0,0,0
5367860,SHGCNCT_S001_S001_T002_00578.jpg,Doubtless bay,DB15,106,-34.842397,173.697039,North-East Wekarua Island,0,0,0,0,0,0,0,0,0,0,0,0,0.833,1.667,0,0,0,0,0,0,0,0,0,0,0,0,0,0,0,0,0,0,0,0,0,0,0,0,0,4.167,0,0,0,0,0,2.5,0.833,0,0,0,0,0,0,1.667,0,0,0,0,0,0,0,0,0,0,0,0,0,0,0,0,0.833,0,0,0,0,0,0,0,0,0,0,0,0,0,0,0,0,0,0,0,0,0,0,0,0,0,1.667,0,0,0,0,0,0,0,0,0,0,0,0,0,0,0,0,0,0,0,0,5,0,0,0,0,2.5,0,0,0,0,0,0,30.833,0,45,2.5,0,0,0,0,0
5367861,SHGCNCT_S001_S001_T002_00637.jpg,Doubtless bay,DB15,106,-34.842397,173.697039,North-East Wekarua Island,0,0,0,0,0,0,0,0,0,0,0,0,0.833,0,0,0,0,0,0,0,0,0,0,0,0,0,0,0,0,0,0,0,0,0,0,0,0,0,0,5.833,0.833,0,0,0,0,5,0,0.833,0.833,0,0,0,0,0,0,0,0,0,0,0,0,0,0,0,0,0,0,0,0,0,0,0,0,0,0,0,0,0,0,0,0,0,0,0,0,0,0,0,0,0,0,0,0,0,0,0,0.833,0,2.5,0,0,2.5,0,0,0,0,0,0,0,0,0,0,0.833,0,0,0,0,0.833,0,0,0,0,0.833,0,0,0,0,0,0,25,0,45,7.5,0,0,0,0,0
5367862,SHGCNCT_S001_S001_T003_00026.jpg,Doubtless bay,DB15,106,-34.842397,173.697039,North-East Wekarua Island,0,0,0,0,0,0,0,0,0,0,0,0,0,0,0,0,0,0,0,0,0,0,0,0,0,0,0,0,0,0,0,0,0,0,0,0,0,3.333,0,0,0,0,0,2.5,0,4.167,0,0,5,0,0,0,0,0,0,0,3.333,0,0,0,0,0,0,0,0,0,0,0,0,0,0.833,0,0,0,0,0,0,0,0,0,0,0,0,0,0,0,0,0,0,0,0,0,0,0,0,0,0,0,6.667,0,0,3.333,0,0,0,0,0,0,0,0,0,0,0,0,0,1.667,0,0,0,0,0,0,0,0,0,0,0,0,0,11.667,0,48.333,9.167,0,0,0,0,0
5367863,SHGCNCT_S001_S001_T003_00117.jpg,Doubtless bay,DB15,106,-34.842397,173.697039,North-East Wekarua Island,0,0,0,0,0,0,0,0,0,0,0,0,0,0,0,0,0,0,0,0,0,0,0,0,0,0,0,0,0,0,0,0,0,0,0,0,0,0,0,0.833,0,0,0,0.833,0,3.333,0,0,0,0,0,0,0,0,0,0,0.833,0,0,0,0,0,0,0,0,0,0,0,0,0,0,0,0,0,0.833,0,0,0,0,0,0,0,0,0,0,0,0,0,0,0,0,0,0,0,0,0,0,0,1.667,0,0,9.167,0,0,0,0,0,0,0,0,0,0,0,0,0,0,0,0,0,0,0,0,0,0,0,0,0,0,0,41.667,0,24.167,16.667,0,0,0,0,0
5466171,DB16_SHGCNCT_S001_S001_T001_0041.jpg,Doubtless bay,DB16,100,-34.890486,173.909503,North Motukawanui Island,1.667,0,0,0,0,0,0,0,2.5,0.833,0,0,0,0,0,0,0,0,0,0,0,0,0,0,0,0,0.833,0,0,0,0,0,0,0,0,0,0,0,2.5,0,0,0,0,0,0,0,0,0,0,0,0,0,0,1.667,0,0,0,0,0,0,0,0,0,0,0,0,0,0,0,0,0.833,0,0,0,0,0,0,0,0,0,0,0,0,0,0,0,0,0,0,0,0,0,0,0,0,0,0,0,0,0,0,0,0,0,0,0,0,0,0,0,0,0,0,0,0,0,0,0,0,0,0,0,5,0,0.833,0,0,0,0,26.667,0,35.833,20.833,0,0,0,0,0
5466172,DB16_SHGCNCT_S001_S001_T001_0077.jpg,Doubtless bay,DB16,100,-34.890486,173.909503,North Motukawanui Island,5,0,0,0,0,0,0,8.333,1.667,0,0,0,0.833,0,0,0,0,0,0,0,0,0,0,0,0,0,0,0,0,0,0,0,0,0,0,0,0,0,0.833,0.833,0,0,0,0,0,0,0,0,0,0,0,0,0,0.833,0,0,0,0,0,0,0,0,0,0,0,0,0,0,0,0,0,0,0,0,0,0,0,0,0,0,0,0,0,0,0,0,0,0,0,0,0,0,0,0,0,0,0,0,0,0,0,0,0,0,0,0,0.833,0,0,0,0,0,0,0,0,0,0,0,0,0,0,0,3.333,0,0,0.833,0,0,0,25.833,0,35.833,15,0,0,0,0,0
5466173,DB16_SHGCNCT_S001_S001_T001_0128.jpg,Doubtless bay,DB16,100,-34.890486,173.909503,North Motukawanui Island,0,0,0,0,0,0,0,0,0.833,0,0,0,0.833,0,0,0,0,0,0,0,0,0,0,0.833,0,0,1.667,0,0,0,0,0,0,0,0,0,0,0,1.667,0,0,0,0,0,0,0,0,0,0,0,0,0,0,1.667,0,0,0,0,0,0,0,0,0,0,0,0,0,0,0,0,0,0,1.667,0,0,0,0,0,0.833,0.833,0,0,0,0,0,0,0,0,0,0,0,0,0,0,0.833,0,0,0,0,0,0,0,0,0,0,0,0,0,0,0,0,0,0,0,0,0,0,0.833,0,0,0,0,5,0,0,0,0,0,0,28.333,0,45,9.167,0,0,0,0,0
5466174,DB16_SHGCNCT_S001_S001_T001_0196.jpg,Doubtless bay,DB16,100,-34.890486,173.909503,North Motukawanui Island,0,0,0,0,0,0,0,0,0,1.667,0,0,6.667,0,0,0,0,0,0,0,0,0,0,0.833,0,0,0.833,1.667,0,0,0,0,0,0,0,0,0,2.5,0,0.833,0,0,0,0,0,0,0,0,0,0,0,0,0,0.833,0,0,0,0,0,0,0,0,0,0,0,0,0,0,0,0,0,0,0,0,0,0,0,0,0,0,0,0,0,0,0,0,0,0,0,0,0,0,0,0,0,1.667,0,0,0,0,0,0,0,0,0,0,0,0,0,0,0,0,0,0,0,0,0.833,2.5,0,0,0.833,0,1.667,0,0.833,0,0,0,0,12.5,0,50,13.333,0,0,0,0,0
5466175,DB16_SHGCNCT_S001_S001_T001_0198.jpg,Doubtless bay,DB16,100,-34.890486,173.909503,North Motukawanui Island,8.333,0,0,0,0,0,0,0,0,0.833,0,0,1.667,0,0,0,0,0,0,0,0,0,0,0,0,0,1.667,0,0,0,0,0,0,0,0,0,0,0,0.833,0,0,0,0,0,0,0,0,0,0,0,0,0,0,0,0,0,0,0,0,0,0,0,0,0,0,0,0,0,0,0,0,0,0,0,0,0,0,0,0,0,0,0,0,0,0,0,0,0,0,0,0,0,0.833,0,0,0.833,0,0,0,0,0,0,0,0,0,0,0,0,0,0,0,0,0,0,0,0.833,0.833,2.5,0,0,0,0.833,2.5,0,0,0,0,0,0,17.5,0,44.167,15.833,0,0,0,0,0
5466176,DB16_SHGCNCT_S001_S001_T001_0230.jpg,Doubtless bay,DB16,100,-34.890486,173.909503,North Motukawanui Island,3.333,0.833,0,0,0,0,0,0,0,1.667,0,0,2.5,0,0,0,0,0,0,0,0,0,0,0.833,0,0,2.5,0,0,0,0,0,0,0,0,0,0,0,0,0.833,0,0,0,0,0,0,0,0,0,0,0,0,0,0.833,0,0,0,0,0,0,0.833,0,0,0,0,0,0,0,0,0,0,0,0,0,0,0,0,0,0,0,0,0,0,0,0,0,0,0,0,0,0,0,0,0,0,0,0,0,0,0,0,0,0,0,0.833,0,0,0,0,0,1.667,0,0,0,0,0.833,0,0.833,0,0,1.667,0.833,3.333,0,0,0,0,0,0,32.5,0,27.5,15.833,0,0,0,0,0
5466177,DB16_SHGCNCT_S001_S001_T001_0264.jpg,Doubtless bay,DB16,100,-34.890486,173.909503,North Motukawanui Island,0.833,0,0,0,0,0,0,0,0,1.667,0,0,3.333,0,0,0,0,0,1.667,0,0,0,0,0,0,0,1.667,0,0,0,0,0,0,0,0,0,0,0,0,1.667,0,0,0,0,0,0,0,0,0,0,0,0,0,0.833,0,0,0,0,0,0,0,0,0,0,0,0,0,0,0,0,0.833,0,0,0,0,0,0,0,0,0.833,0,0,0,0.833,0,0,0,0,0,0,0,0,0,0,0,0,0,0,0,0,0,0.833,0,0,0,0,0,0,0,0,0,0,0,0,0,0,0,0,0,0,0,0,1.667,0,0,0,0,0,0,50.833,0,31.667,0.833,0,0,0,0,0
5466178,DB16_SHGCNCT_S001_S001_T001_0308.jpg,Doubtless bay,DB16,100,-34.890486,173.909503,North Motukawanui Island,0,0,0,0,0,0,0,0,0,0.833,0,0,0.833,0,0,0,0,0,0,0,0,0,0,0,0,0,2.5,0.833,0,0,0,0,0,0,0,0,0,5.833,0,0.833,0,0,0,0,0,0,0.833,0,0,0,0,0,0,0,0,0,0,0,0,0,0,0,0,0,0,0,0,0,0,0,0,0,0,0,0,0,0,0,0,0,0,0,0,0,0,0,0,0,0,0,0,0,0,0,0,0,0,0,0,0,0,3.333,0,0,0,0,0,0,0,0,0,0,0,0,0,0,0.833,2.5,0,0,1.667,0,0,0,0,0,0,0,0,35.833,0,40,3.333,0,0,0,0,0
5466179,DB16_SHGCNCT_S001_S001_T001_0321.jpg,Doubtless bay,DB16,100,-34.890486,173.909503,North Motukawanui Island,0,0,0,0,0,0,0,0,0,0,0,0,2.5,0,0,0,0,0,0.833,0,0,0,0,0,0,0,1.667,0,0,0,0,0,0,0,0,0,0,1.667,0,1.667,0,0,0,0,0,0,0,0,0.833,0.833,0,0,0,0,0,0,0,0,0,0,0,0,0,0,0,0,0,0,0.833,0,0,0,0,0,0,0,0,0,0,0,0,0,0,0,0,0,0,0,0.833,0,0,0,0,0,0,0,0,0,0,0,0,0.833,0,0,0,0,0,0,0,0,0,0,0,0,0,1.667,0,2.5,0,0,1.667,0,0,0,0,0,0,0,0,39.167,0,40,2.5,0,0,0,0,0
5466180,DB16_SHGCNCT_S001_S001_T001_0333.jpg,Doubtless bay,DB16,100,-34.890486,173.909503,North Motukawanui Island,0.833,0,0,0,0,0,0,0,0,0,0,0,0.833,0,0,0,0,0,0,0,0,0,0,0,0,0,1.667,0,0,0,0,0,0,0,0,0,0,3.333,0,1.667,0,0,0,0,0,0,0,0,0,0,0,0,0,0.833,0,0,0,0,0,0,0,0,0,0,0,0,0,0,0,0,0,0,0,0,0,0,0,0,0,0,0,0,0,0,0,0,0.833,0,0,0,0,0,0,0,0,0,0,0,0,0,0,5,0,0,0,0,0,0,0,0,0,0,0,0,0,0.833,0,0.833,0,0,0.833,0,2.5,0,0,0,0,0,0,24.167,0,53.333,2.5,0,0,0,0,0
5483483,DB19_SHGCNCT_S001_S001_T001_0020.jpg,Doubtless bay,DB19,100,-34.955083,174.01215,East Motukawanui Island,4.167,0,0,0,0,0,0,0,0,0,0,0,1.667,0,0,0,0,0,0,0,0,0,0,0.833,0,0,0,0,0,0,0,0,0,0,0,0,0,0,0,0,0,0,0,0,0,0,0,0,0,0,0,0,0,0,0,0,0,0,0,0,0,0,0,0,0,0,0,0,0,0,0,0,0,0,0,0,0,0,0,0,0,0,0,0,0,0,0,0,0,0,0,0,0,0,0,0,0,0,0,0,0,0,0,0,0,0,0,0,0,0,0,0,0,0,0,0,0.833,0.833,0,0,0,0,0,0,0,0,0,0,0,58.333,0,29.167,4.167,0,0,0,0,0
5483484,DB19_SHGCNCT_S001_S001_T001_0070.jpg,Doubtless bay,DB19,100,-34.955083,174.01215,East Motukawanui Island,0,0,0,0,0,0,0,0,0,2.5,0,0,1.667,0,0,0,0,0,0,0,0,0,0,0,0,0,0,0,0,0,0,0,0,0,0,0,0,0,0,0,0,0,0,0,0,0,0,0,0,0,0,0,0,0,0,0,0,0,0,0,0,0,0,0,0,0,0,0,0,0,0,0,0,0,0,0,0,0,0,0,0,0,0,0,0,0,0,0,0,0,0,0,0,0,0,0,0,0,0,0,0,3.333,0,0,0,0,0,0,0,0,0,0,0,0,0,1.667,0.833,3.333,0,0,0,0,3.333,0,0.833,0,0,0,0,38.333,0,40,4.167,0,0,0,0,0
5483485,DB19_SHGCNCT_S001_S001_T001_0083.jpg,Doubtless bay,DB19,100,-34.955083,174.01215,East Motukawanui Island,0.833,0,0,0,0,0,0,0,0,1.667,0,0,1.667,0,0,0,0,0,0,0,0,0,0,0,0,0,0,0,0,0,0,0,0,0,0,0,0,0,0,0.833,0,0,0,0,0,0,0,0,0,0,0,0,0,0.833,0,0,0,0,0,0,0.833,0,0,0,0,0,0,0,0,0,0,0,0,0,0,0,0,0,0,0,0,0,0,0,0,0,0,0,0,0,0,0,0,0,0,0,0,0,0,0,0,0,0,0,0,0,0,0,0,0,0,0,0,0,0,0,1.667,0.833,0,0,0,0,3.333,0,0,0,0,0,0,37.5,0,46.667,3.333,0,0,0,0,0
5483486,DB19_SHGCNCT_S001_S001_T001_0121.jpg,Doubtless bay,DB19,100,-34.955083,174.01215,East Motukawanui Island,31.667,0,0,0,0,0,0,0,0.833,0,0,0,0,0,0,0,0,0,0,0,0,0,0,0,0,0,0,0,0,0,0,0,0,0,0,0,0,0,0,0,0,0,0,0,0,0,0,0,0,0,0,0,0,0.833,0,0,0,0,0,0,0,0,0,0,0,0,0,0,0,0,0,0,0,0,0,0,0,0,0,0,0,0,0,0,0,0,0,0,0,0,0,0,0,0,0,0,0,0,0,0,0,0,0,0,0,0,0,0,0,0,0,0,0,0,0,0,0,0,0,0,0,0,0.833,0,0,0,0,0,0,23.333,0,24.167,18.333,0,0,0,0,0
5483487,DB19_SHGCNCT_S001_S001_T001_0179.jpg,Doubtless bay,DB19,100,-34.955083,174.01215,East Motukawanui Island,16.667,0,0,0,0,0,0,0,0,0,0,0,0.833,0,0,0,0,0,0,0,0,0,0,0,0,0,0,0,0,0,0,0,0,0,0,0,0,1.667,0,2.5,0,0,0,0,0,0,0,0,0,0,0,0,0,1.667,0,0,0,0.833,0,0,0,0,0,0,0,0,0,0,0,0,0,0,0,0,0,0,0,0,0,0,4.167,0,0,0,0,0,0,0,0,0,0,0,0,0,0,0,0,0,0,0,0,0,0,0,0,0,0,0,0,0,0,0,0,0,0,0,0.833,2.5,0,0,0,0,1.667,0,2.5,0,0,0,0,27.5,0,20,16.667,0,0,0,0,0
5483488,DB19_SHGCNCT_S001_S001_T001_0217.jpg,Doubtless bay,DB19,100,-34.955083,174.01215,East Motukawanui Island,0,0,0,0,0,0,0,0,0,0,0,0,2.5,0,0,0,0,0,0,0,0,0,0,0,0,0,0,0,0,0,0,0,0,0,0,0,0,0.833,0,0,0,0,0,0,0,0,0.833,0,0,0,0,0,0,0.833,0,0,0,0,0,0,0,0,0,0,0,0,0,0,0,0,0,0,0,0,0,0,0,0,0,0,0,0,0,0,0,0,0,0,0,0,0,0,0,0,0,0,0,0,0,0,0,0.833,0,0,0,0,0,0,0,0,0,0,0,0,0,0,0.833,3.333,0,0,1.667,0,2.5,0,1.667,0,0,0,0,25,0,41.667,17.5,0,0,0,0,0
5483489,DB19_SHGCNCT_S001_S001_T001_0254.jpg,Doubtless bay,DB19,100,-34.955083,174.01215,East Motukawanui Island,0,0,0,0,0,0,0,0,0,0,0,0,1.667,0,0,0,0,0,0,0,0,0,0,0,0,0,1.667,0,0,0,0,0,0,0,0,0,0,0,0,0.833,0,0,0,0,0,0,0,0,0,0,0,0,0,0,0,0,0,0,0,0,0,0,0,0,0,0,0,0,0,0,1.667,0,0,0,0,0,0,0,0,0,0,0,0,0,0,0,0,0,0,0,0,0,0,0,0,0,0,0,0,0,0,1.667,0,0,0,0,0,0,0,0,11.667,0,0,0,0,0,0,3.333,0,0,0,0,1.667,0,0,0,0,0,0,55,0,19.167,1.667,0,0,0,0,0
5483490,DB19_SHGCNCT_S001_S001_T001_0276.jpg,Doubtless bay,DB19,100,-34.955083,174.01215,East Motukawanui Island,0,0,0,0,0,0,0,0,0,0.833,0,0,2.5,0,0,0,0,0,0,0,0,0,0,0,0,0,0,0,0,0,0,0,0,0,0,0,0,0,1.667,0.833,0,0,0,0,0,0,0,0,0,0,0,0,0,0,0,0,0,0,0,0,0,0,0,0,0,0,0,0,0,0,0,0,0,0,0,0,0,0,0,0,0,0,0,0,0,0,0,0,0,0,0,0,0,0,0,0,0,0,0,0,0,2.5,0,0,0,0,0,0,0,0,15,0,0,0,0,0,1.667,0.833,0,0,0,0,0.833,0,0,0,0,0,0,41.667,0,18.333,13.333,0,0,0,0,0
5483491,DB19_SHGCNCT_S001_S001_T001_0302.jpg,Doubtless bay,DB19,100,-34.955083,174.01215,East Motukawanui Island,0,0,0,0,0,0,0,0,0,0,0,0,0,10,0,0,0,0,0,0,0,0,0,0,0,0,1.667,0,0,0,0,0,0,0,0,0,0,0,0,0,0,0,0,0,0,0,0,0,0,0,0,0,0,0,0,0,0,0,0,0,0,0,0,0,0,0,0,0,0.833,0,0,0,0,0,0,0,0,0,0,0,0,0,0,0,0,0,0,0,0,0.833,0,0,0,0,0,0,0,0,0,0,0,0,0,0,0,0,0,0,0,0,0,0,0,0,0,0,0,0.833,0,0,0,0,0,0,0,0,0,0,0,65.833,0,19.167,0.833,0,0,0,0,0
5483492,DB19_SHGCNCT_S001_S001_T001_0313.jpg,Doubtless bay,DB19,100,-34.955083,174.01215,East Motukawanui Island,0,0,0,0,0,0,0,0,0,0,0,0,1.667,0.833,0,0,0,0,0,0,0,0,0,0,0,0,1.667,0,0,0,0,0,0,0,0,0,0,0,0,0,0,0,0,0,0,0,0,0,0,0,0,0,0,0,0,0,0,0.833,0,0,0,0,0,0,0,0,0,0,0,0,0,0,0,0,0.833,0,0,0,0,0,0,0,0,0,0,0,0,0,0,0,0,0,0,0,0,0,0,0,0,0,0,0,0,0,0,0,0,0,0,0,0,0,0,0,0,0,0.833,0,0,0,0,0,0.833,0,0,0,0,0,0,58.333,0,32.5,1.667,0,0,0,0,0
5481572,DB1_SHGCNCT_S001_S001_T001_0083.jpg,Doubtless bay,DB19,100,-34.955083,174.01215,East Motukawanui Island,0,0,0,0,0,0,0,0,0,0,0,0,0,0,0,0,0,0,0,0,0,0,0,0,0,0,0,0,0.833,0,0,0,0,0,0,0,0,0,0,0,0,0,0,0,0,0,0,0,0,0,0,0,0,0,0,0,0,0,0,0,0,0,0,0,0,0,0,1.667,0,0,0,0,0,0,0,0,0,0,0,15,0,0,0,0,0,0,0,0,0,0,0,0,0,0,0,0.833,0,0,0,0,0,0,0,0,0,0,0,0,0,0,0,0,0,0,0,0,0,0,0,0,0,0,0,0,0.833,0,0,0,0,60,0,16.667,4.167,0,0,0,0,0
5367804,SHGCNCT_S001_S001_T002_00043.jpg,Doubtless bay,DB2,56,-34.83615,173.473317,North-East Whangatupere Bay,35.833,0,0,0,0,0,0,0,0,0,0,0,0,0,0,0,0,0,0,0,0,0,0,0,0,0,0.833,0,0,0,0,0,0,0,0,0,2.5,0,0,0,0,0,0,0,0,0,0,0,0,0,0,0,0,0,0,0,0,0,0,0,0,0,0,0,0,0,0,0,2.5,0,0.833,0,0,0,0,0,0,0,0,0,0,1.667,0,0,0,0,0,0,0,0,0,0,0,0,0,0,4.167,0,0,0,0,0,0,0,0,0,0,0,0,0,0,0,0,0,0,0,0,0,0,0,0,0,3.333,0,0,0,0,0,0,2.5,0,41.667,4.167,0,0,0,0,0
5367805,SHGCNCT_S001_S001_T002_00134.jpg,Doubtless bay,DB2,56,-34.83615,173.473317,North-East Whangatupere Bay,11.667,0,0,0,0,0,0,0,0,0,0,0,0.833,0,0,0,0,0,0,0,0,0,0,0,0,0,11.667,0,0,0,0,0,0,0,0,0,0,0,0,0,0,0,0,0,0,0.833,0,0,0,0,0,0,0,0,0,0,0,0,0,0,0,0,0,0,0,0,0,0,0,0,0,0,0,0,0,0,0,0,0,0,0,0,0,0,0,0,0,0,0,0,0,0,0,0,0,0,2.5,0,0,0,0,0,0,0,2.5,0,0,0,0,0,0,0,0,0,0,0,0,0,0,0,0,0,2.5,0,0,0,0,0,0,20,0,47.5,0,0,0,0,0,0
5367806,SHGCNCT_S001_S001_T002_00238.jpg,Doubtless bay,DB2,56,-34.83615,173.473317,North-East Whangatupere Bay,8.333,0,0,0,0,0,0,0,0,0.833,0,0,0,0,0,0,0,0,0,0,0,0,0,0,0,0,15,0,0,0,0,0,0,0,0,0,5,0,0,0,0,0,0,0,0,0,0,0,0,0,0,0,0,4.167,0,0,0,0,0,0,0,0,0,0,0,0,0,0,0,0,0.833,0,0,0,0,0,0,0,0,0,0,0,0,0,0,0,0,0,0,0,0,0,0,0,0,0,3.333,0,0,0,0.833,0,0,0,0,0,0,0,0,0,0,0,0,0,0,0,0,0,0,0,0,0,0.833,0,0.833,0,0,0,0,8.333,0,50,1.667,0,0,0,0,0
5367807,SHGCNCT_S001_S001_T002_00319.jpg,Doubtless bay,DB2,56,-34.83615,173.473317,North-East Whangatupere Bay,7.5,0,0,0,0,0,0,0,0,0.833,0,0,1.667,0,0,0,0,0,0,0,0,0,0,0,0,0,17.5,0,0,0,0,0,0,0,0,0,0,0,0,0,0,0,0,0,0,2.5,0,0,0,1.667,0,0,0,0.833,0,0.833,0,0.833,0,0,0.833,0,0,0,0,0,0,0,0,0,0,0,0,0,0,0,0,0,0,0,0,0,0,0,0,0,0.833,0,0,0,0,0,0,0,0,0,4.167,0,0,0,0,0,0,0,0,0,0,0,0,0,0,0,0,0,0,0,0,0,0,0,0,0,0.833,0,5,0,0,0,0,4.167,0,50,0,0,0,0,0,0
5367808,SHGCNCT_S001_S001_T002_00372.jpg,Doubtless bay,DB2,56,-34.83615,173.473317,North-East Whangatupere Bay,11.667,0,0,0,0,0,0,0,0,2.5,0,0,3.333,0,0,0,0,0,0,0,0,0,0,0,0,0,7.5,0,0,0,0,0,0,0,0,0,0.833,0,0,0,0,0,0,0,0,1.667,0,0,0,0.833,0,0,0,0,0,0,0,0,0,0,1.667,0,0,0,0,0,0,0,0,0,0.833,0,0,0,0,0,0,0,0,0,0,1.667,0,0,0,0,0.833,0,0,0,0,0,0,0,0,0,1.667,0,0,0,0,0,2.5,0,0,0.833,0,0,0,0,0,0,0,0,0,0,0,0,1.667,0,0,0,0,0,1.667,0,0,0,0,3.333,0,55,0,0,0,0,0,0
5367809,SHGCNCT_S001_S001_T003_00028.jpg,Doubtless bay,DB2,56,-34.83615,173.473317,North-East Whangatupere Bay,24.167,0,0,0,0,0,0,0,0,0,0,0,0.833,0,0,0,0,0,0,0,0,0,0,0,0,0,5,0,0,0,0,0,0,0,0,0,5.833,0,0,0,0,0,0,0,0,0.833,0,0,0,0.833,0,0,0,3.333,0,0.833,0,0,0,0,0,0,0,0,0,0,0,0,0,0,0.833,0,0,0,0,0,0,0,0,0,0,0,0,0,0,0,0,0,0,0,0,0,0,0,0,0,2.5,0,0,0,0,0,0,0,0.833,0,0,0,0,0,0,0,0,0,0,0.833,0,0,0,0,0,0,3.333,0,0,0,0,0,0,1.667,0,48.333,0,0,0,0,0,0
5367810,SHGCNCT_S001_S001_T003_00072.jpg,Doubtless bay,DB2,56,-34.83615,173.473317,North-East Whangatupere Bay,0,0,0,0,0,0,0,0,0,1.667,0,0,3.333,0,0,0,0,1.667,0,0,0,0,0,0,0,0,4.167,0,0,0,0,0,0,0,0,0,0,0,0,0,0,0,0,0,0,0,0,0,0,0,0,0,0,1.667,0,4.167,0,0,0,0,0,0,0,0,0,0,0,0,0,0,0.833,0,0,0,0,0,0,0,0,0,0,0.833,0,0,0,0,0.833,0,0,0,0,0,0,0,0,0.833,5.833,0,0,0,0,0,0,0,0,0,0,0,0,0,0,0,0,0,0,0.833,0,0,0,0,0,0,6.667,0,0.833,0,0,0,0,0.833,0,64.167,0.833,0,0,0,0,0
5367811,SHGCNCT_S001_S001_T003_00087.jpg,Doubtless bay,DB2,56,-34.83615,173.473317,North-East Whangatupere Bay,0,0,0,0,0,0,0,0,0,0,0,0,5,0,0,0,0,0,0,0,0,0,0,0,0,0,8.333,0.833,0,0,0,0,0,0,0,0,0,0,0,0,0,0,0,0,0,0,0,0,0,0,0,0,0,0,0,3.333,0,0,0,0,1.667,0,0,0,0,0,0,0,0,0,0.833,0,0,0,0,0,0,0,0,0,0,0,0,0,0,0,0.833,0,0,0,0,0,0.833,0,0,0,1.667,0,0,0,0,0,0,0,0.833,1.667,0,0,0,0,0,0,0,0,0,0.833,0,0,0,0,0,0,0.833,0,1.667,0,0,0,0,10.833,0,55.833,4.167,0,0,0,0,0
5367812,SHGCNCT_S001_S001_T003_00154.jpg,Doubtless bay,DB2,56,-34.83615,173.473317,North-East Whangatupere Bay,0,2.5,0,0,0,0,0,0,0,1.667,0,0,8.333,0,0,0,0,0,0,0,0,0,0,0.833,0,0,2.5,0,0,0,0,0,0,0,0,0,0,0,0,0,0,0,0,0.833,0,0,0,0,0,0,0,0,0,0,0,3.333,0,0,0,0,10.833,0,0,0,0,0,0,0,0,0,0,0,0,0,0,0,0,0,0,0,0,0,0,0,0,0,0.833,0,0,0,0,0,1.667,0,0,0,0,4.167,0,0,0,0,0,0,0.833,0,0,0,0,0,0,0,0,0,0,0.833,0,0,0,0,0,0,2.5,0,2.5,0.833,0,0,0,6.667,0,47.5,0.833,0,0,0,0,0
5367813,SHGCNCT_S001_S001_T003_00211.jpg,Doubtless bay,DB2,56,-34.83615,173.473317,North-East Whangatupere Bay,0,0,0.833,0,0,0,0,0,0,1.667,0,0,6.667,0,0,0,0,0.833,0,0,0,0,0,0,0,0,15.833,0,0,0,0,0,0,0,0,0,0,0,0,0,0,0,0,0,0,0,0,0,0,0.833,0,0,0,0,0,0,0,0,0,0,0,0,0,0,0,0,0,0,0,0,0.833,0,0,0,0,0,0,0,0,0,0,0,0,0,0,0,0.833,0,0,0,0,0,4.167,0,0,1.667,1.667,0,0,0,0,0,0,0,0.833,0,0,0,0,0,0,0,0,0,0,0,0,0,0.833,0,0,0,0.833,0,0,0,0,0,0,0,0,61.667,0,0,0,0,0,0
5438052,DB3_SHGCNCT_S001_S001_T004_0108.jpg,Doubtless bay,DB3,73,-34.840883,173.47605,East Karikari Peninsula,27.5,0,0,0,0,0,0,0,9.167,0,0,0,0,0,0,0,0,0,0,0,0,0,0,0,0,0,0,0,0,0,0,0,0,0,0,0,3.333,0,0,0,0,0,0,0,0,0,0,0,0,0,0,0,0,0,0,0,0,0,0,0,0,0,0,0,0,0,0,0,0,0,0,0,0,0,0,0,0,0,0,0,0,0,0,0,0,0,0,0,0,0,0,0,0,0,0,0,0,0,0,0,0,0,0,0,0,0,0,0,0,0,0,0,0,0,0,0,0,0,0,0,0,0,0,0,0,0,0,0,0,12.5,0,21.667,25.833,0,0,0,0,0
5438053,DB3_SHGCNCT_S001_S001_T004_0119.jpg,Doubtless bay,DB3,73,-34.840883,173.47605,East Karikari Peninsula,10.833,0,0,0,0,0,0,0,5,0,0,0,0.833,0,0,0,0,0,0,0,0,0,0,0,0,0,0,0,0,0,0,0,0,0,0,0,1.667,0,0,0,0,0,0,0,0,0,0,0,0,0,0,0,0,0,0,0,0,0,0,0,0,0,0,0,0,0,0,0,0,0,0,0,0,0,0,0,0,0,0,0,0,0,0,0,0,0,0,0,0,0,0,0,0,0,0,0,0,0,0,0,0,0,0,0,0,0,0,0,0,0,0,0,0,0,0,0,0,0,0,0,0,0,0.833,0,0,0,0,0,0,30,0,25.833,25,0,0,0,0,0
5438054,DB3_SHGCNCT_S001_S001_T004_0131.jpg,Doubtless bay,DB3,73,-34.840883,173.47605,East Karikari Peninsula,36.667,0,0,0,0,0,0,0,10,0,0,0,0,0,0,0,0,0,0,0,0,0,0,0,0,0,0,0,0,0,0,0,0,0,0,0,0.833,0,0,0,0,0,0,0,0,0,0,0,0,0,0,0,0,0,0,0,0,0,0,0,0,0,0,0,0,0,0,0,0,0,0,0,0,0,0,0,0,0,0,0,0,0,0,0,0,0,0,0,0,0,0,0,0,0,0,0,0,0,0,0,0,0,0,0,0,0,0,0,0,0,0,0,0,0,0,0,0,0,0,0,0,0,0,0,0,0,0,0,0,20,0,17.5,15,0,0,0,0,0
5438055,DB3_SHGCNCT_S001_S001_T004_0142.jpg,Doubtless bay,DB3,73,-34.840883,173.47605,East Karikari Peninsula,19.167,0,0,0,0,0,0,0,10.833,0,0,0,0,0,0,0,0,0,0,0,0,0,0,0,0,0,0,0,0,0,0,0,0,0,0,0,4.167,0,0,0,0,0,0,0,0,0,0,0,0,0,0,0,0,0,0,0,0,0,0,0,0,0,0,0,0,0,0,0,0,0,0,0,0,0,0,0,0,0,0,0,0,0,0,0,0,0,0,0,0,0,0,0,0,0,0,0,0,0,0,0,0,0,0,0,0,0,0,0,0,0,0,0,0,0,0,0,0,0,0,0,0,0,0.833,0,0,0,0,0,0,24.167,0,27.5,13.333,0,0,0,0,0
5438056,DB3_SHGCNCT_S001_S001_T004_0150.jpg,Doubtless bay,DB3,73,-34.840883,173.47605,East Karikari Peninsula,21.667,0,0,0,0,0,0,0,0,0,0,0,0.833,0,0,0,0,0,0,0,0,0,0,0,0,0,0.833,0,0,0,0,0,0,0,0,0,0,0,0,0,0,0,0,0,0,0,0,0,0,0,0,0,0,0,0,0,0,0,0,0,0,0,0,0,0,0,0,0,0,0,0,0,0,0,0,0,0,0,0,0,0,0,0,0,0,0,0,0,0,0,0,0,0,0,0,0,0,0,0,0,4.167,0,0,0,0,0,0,0,0,0,0,0,0,0,0,0,0,0,0,0,0,0,3.333,0,0,0.833,0,0,0,28.333,0,22.5,17.5,0,0,0,0,0
5438057,DB3_SHGCNCT_S001_S001_T004_0171.jpg,Doubtless bay,DB3,73,-34.840883,173.47605,East Karikari Peninsula,0,0,0,0,0,0,0,0,0,0,0,0,1.667,0,0,0,0,0,0,0,0,0,0,0,0,0,0,0,0,0,0,0,6.667,0,0,0,0,0,0,0,0.833,0,0,0,0,0.833,0,0,0,0,0,0,0,0,0,0,0,0,0,0,0,0,0,0,0,0,0,0.833,0,0,0,0,0,0,0,0,0,0,0,0.833,0,0,0,0,0,0,0,0,0,0,0,0,0,0,0,0,0,0,0,0,0,0,0,0,0,0,0,0,0,0,0,0,0,0,0,0,0,0,0,0,0,0,0,0,0,0,0,0,0,49.167,0,17.5,21.667,0,0,0,0,0
5438058,DB3_SHGCNCT_S001_S001_T004_0189.jpg,Doubtless bay,DB3,73,-34.840883,173.47605,East Karikari Peninsula,0,1.667,0,0,0,0,0,0,0,0,0,0,0,0,0,0,0,0,0,0,0,0,0,0,0,0,0,0.833,0,0,0,0,0,0,0,0,0,0,0,0,0,0,0,0,0,1.667,0,0,0,0,0,0,0,0,0,0,0.833,0,0,0,0,0,0,0,0,0,0,0,0,0,0,0,0,0,0,0,0,0,0,0,0,0,0,0,0,0,0,0,0,0,0,0,0,0,0,0,0,0,0,0,0,0,0,0,0,0,0,0,0,0,0,0,0,0,0,0,0,0,0,0,0,0,0.833,0,0.833,0,0,0,0,55.833,0,30,7.5,0,0,0,0,0
5438059,DB3_SHGCNCT_S001_S001_T004_0205.jpg,Doubtless bay,DB3,73,-34.840883,173.47605,East Karikari Peninsula,0,0,0,0,0,0,0,0,0,0,0,0,0.833,0,0,0,0,0,0,0,0,0,0,0,0,0,0,0,0,0,0,0,0,0,0,0,0,0,0,0,0,0,0,0,0.833,1.667,0,0,0.833,0,0,0,0,0,0,0,0,0,0,0,0,0,0,0,0,0,0,0,0,0,0,0,0,0,0,0,0,0,0,0,0,0,0,0,0,0,0,0,0,0,0,0,0,0,0,0,0,0,3.333,0,0,0,0,0,0,0,0,0,0,0,0,0,0,0,0,0,0,0,0,0,0,0,0,0,0.833,0,0,0,0,51.667,0,35,5,0,0,0,0,0
5438060,DB3_SHGCNCT_S001_S001_T004_0222.jpg,Doubtless bay,DB3,73,-34.840883,173.47605,East Karikari Peninsula,0,0,0,0,0,0,0,0,0,0,0,0,0.833,0,0,0,0,0,0,0,0,0,0,0,0,0,0,1.667,0,0,0,0,3.333,0,0,0,0,0,0,0,0.833,0,0,0,0,0.833,0,0,0,0,1.667,0,0,0,0,0,0.833,0,0,0,0,0,0,0,0,0,0,0,0,0,0,0,0,0,0,0,0,0,1.667,0,0,0,0,0,0,0,0,0,0,0,0,0,0,0,0,0,0,0,0,0,0,0,0,0,0.833,0,0,0,0,0,0,0,0,0,0,0,0,0,0.833,0,0,0,0,0,0,0,0,0,0,29.167,0,45.833,10.833,0.833,0,0,0,0
5438061,DB3_SHGCNCT_S001_S001_T004_0227.jpg,Doubtless bay,DB3,73,-34.840883,173.47605,East Karikari Peninsula,0,0.833,0,0,0,0,0,0,0,0,0,0,0,0,0,0,0,0,0,0,0,0,0,0.833,0,0,0.833,0.833,0,0,0,0,0,0,0,0,0,0,0,0,0,0,0,0,1.667,0.833,0,0,1.667,0,0,0,0,0,0,0,0,0,0,0,0,0,0,0,0,0,0,0,0,0,0,0,0,0,0,0,0,0,0,0,0,0,0,0,0,0,0,0,0,0,0,0,0,0,0,0,0,0,0.833,0,0,0.833,0,0,0,0,0,0,0,0,0,0,0,0,0,0,0,0,0,0,0,0,0.833,0,1.667,0,0,0,0,51.667,0,25.833,10.833,0,0,0,0,0
5466181,DB4_SHGCNCT_S001_S001_T001.MO_0078.jpg,Doubtless bay,DB4,54,-34.879017,173.475467,South Karikari Peninsula,0,0,0,19.167,0,0,0,0,0,0,0,0,0,0,0,0,0,0,0,0,0,0,0,0.833,0,0,0.833,0,0,0,0,0,0,0,0,0,0,0,0,0.833,0,0,0,0,0,0,0,0,0,0,0,0,0,0,0,0,0,0,0,0,0,0,0,0,0,0,0,0,0,0,0,0,0,0,0,0,0,0,0,0,0,0,0,0,0,0,0,0,0,0,0,0,0,0,0,0,2.5,0,0,0,0,0,0,0,0,0,0,0,0,0,0,0,0,0,0,0,0,0,0,0,0,0,0,0,0,0,0,0,0,45,0,20,0.833,9.167,0,0,0,0.833
5466182,DB4_SHGCNCT_S001_S001_T001.MO_0082.jpg,Doubtless bay,DB4,54,-34.879017,173.475467,South Karikari Peninsula,0,0,0,6.667,0,0,0,0,0,0,0,0,0,0,0,0,0,0,0,0,0,0,0,0.833,0,0,0,0,0,0,0,0,2.5,0,0,0,0,0,0,0.833,0,0,0,0,0,0,0,0,0,0,0,0,0,0,0,0,0,0,0,0,0,0,0,0,0,0,0,0,0,0,0,0,0,0,0,0,0,0,0,0,0,0,0,0,0,0,0,0,0,0,0,0,0.833,0,0,0,0.833,0,0.833,0,0,0,0,0,0,0,0,0,0,0,0,0,0,0,0,0,0,0,0,0,0,0,0,0,0,0,0,0,0,68.333,0,14.167,1.667,1.667,0,0,0,0.833
5466183,DB4_SHGCNCT_S001_S001_T001.MO_0105.jpg,Doubtless bay,DB4,54,-34.879017,173.475467,South Karikari Peninsula,0,0,0,0,0,0,0,0,0,0,0,0,0,0,0,0,0,0,0,0,0,0,0,0,0,0,0,0,0,0,0,0.833,0,0,0,0,0,0,0,0,0,0,0,0,0,0,0,0,0,0,0,0,0,0,0,0,0,0,0,0,0,0,0,0,0,0,0,0,0,0,0,0,0,0,0,0,0,0,0,0,0,0,1.667,0,0,0,0,0,0,0,0,0,0,0,0,0,0,0,0,0,0,0,0,0,0,0,0,0,0,0,0,0,0,0,0,0,0,0,0,0,0,0,0,0,0,0,0,0,0,73.333,0,13.333,0.833,10,0,0,0,0
5466184,DB4_SHGCNCT_S001_S001_T001.MO_0125.jpg,Doubtless bay,DB4,54,-34.879017,173.475467,South Karikari Peninsula,0,0,0,4.167,0,0,0,0,0,0,0,0,0,0,0,0,0,0,0,0,0,0,0,0,0,0,0,0,0,0,0,0,6.667,0,0,0,0,0,0,0,0,0,0,0,0,0,0,0,0,0,0,0,0,0,0,0,0,0,0,0,0,0,0,0.833,0,0,0,0,0,0,0,0,0,0,0,0,0,0,0,0,0,0,0,0,0,0,0,0,0,0,0,0,0,0,0,0,0,0,0,0,0,0,0,0,0,0,0,0,0,0,0,0,0,0,0,0,0,0,0,0,0,0,0,0,0,0,0,0,0,53.333,0,20,0,15,0,0,0,0
5466185,DB4_SHGCNCT_S001_S001_T001.MO_0129.jpg,Doubtless bay,DB4,54,-34.879017,173.475467,South Karikari Peninsula,0,0,0,17.5,0,0,0,0,0,0,0,0,0,0,0,0,0,0,0,0,0,0,0,0,0,0,0,0,0,0,0,0,13.333,0,0,0,0,0,0,0,0.833,0,0,0,0,0,0,0,0,0,0,0,0,0,0,0,0,0,0,0,0,0,0,0,0,0,0,0,0,0,0,0,0,0,0,0,0,0,0,0,0,0,0,0,0,0,0,0,0,0,0,0,0,0,0,0,1.667,0,0,0,0,0,0,0,0,0,0,0,0,0,0,0,0,0,0,0,0,0,0,0,0,0,0,0,0,0,0,0,0,34.167,3.333,18.333,1.667,6.667,0,0,0,2.5
5466186,DB4_SHGCNCT_S001_S001_T001.MO_0138.jpg,Doubtless bay,DB4,54,-34.879017,173.475467,South Karikari Peninsula,0,0,0,0,0,0,0,0,0,0,0,0,0,0,0,0,0,0,0,0,0,0.833,0,0,0,0,0,0,0,0,0,0,0,0,0,0,0,0,0,0,0,0,0,0,0,5,0,0,0,0,0,0,0,0,0,0,0,0,0,0,0,0,0,0,0,0,0,0,0,0,0,0,0,0,0,0,0,0,0,0,0,0,0,0,0,0,0,0,0,0,0,0,0,0,0,0,1.667,0,0,0,0,0,0,0,0,0,0,0,0,0,0,0,0,0,0,0,0,0,1.667,0,0,0,0,0,0,0,0,0,0,70,0.833,14.167,0,5,0,0,0,0.833
5466187,DB4_SHGCNCT_S001_S001_T001.MO_0159.jpg,Doubtless bay,DB4,54,-34.879017,173.475467,South Karikari Peninsula,0,0,0,0,0,0,0,0,0,0,0,0,0,0,0,0,0,0,0,0,0,0,0,0,0,0,0,0,0,0,0,0,11.667,0,0,0,0,0,0,0,0,0,0,0,0,0.833,0,0,0,0,0,0,0,0,0,0,0,0,0,0,0,0,0,0,0,0,0,0,0,0,0,0,0,0,0,0,0,0,0,0,0,0,0,0,0,0,0,0,0,0,0,0,0,0,0,0,0.833,0,0,0,0,0,0,0,0,0,0,0,0,0,0,0,0,0,0,0,0,0,0,0,0,0,0,0,0,0,0,0,0,49.167,0,16.667,0.833,20,0,0,0,0
5466188,DB4_SHGCNCT_S001_S001_T001.MO_0207.jpg,Doubtless bay,DB4,54,-34.879017,173.475467,South Karikari Peninsula,0,0,0,3.333,0,0,0,0,0,0,0,0,0,0,0,0,0,0,0,0,0,0,0,0,0,0,0,0,0,0,0,0,10,0,0,0,0,0,0,0,2.5,0,0,0,0,0.833,0,0,0,0,0,0,0,0,0,0,0,0,0,0,0,0,0,0,0,0,0,0,0,0,0.833,0,0,0,0,0,0,0,0,0,0,0,0,0,0,0,0,0,0,0,0,0,0,0,0,0,0,0,0,0,0,0,0,0,0,0,0,0,0,0,0,0,0,0,0,0,0,0,1.667,0,0,0,0,0,0,0,0,0,0,60,0,18.333,0,2.5,0,0,0,0
5466189,DB4_SHGCNCT_S001_S001_T001.MO_0230.jpg,Doubtless bay,DB4,54,-34.879017,173.475467,South Karikari Peninsula,0,0,0,3.333,0,0,0,0,0,0,0,0,0,0,0,0,0,0,0,0,0,0,0,0,0,0,0.833,0,0,0,0,0.833,0,0,0,0,0,0,0,0,0,0,0,0,0,0,0,0,0,0,0,0,0,0,0,0,0,0.833,0,0,0,0,0,0,0,0,0,0,0,0,0,0,0,0,0,0,0,0,0,0,0,0,0,0,0,0,0,0,0,0,0,0,0.833,0,0,0,0,0,0,0,0,0,0,0,0,0,0,0,0,0,0,0,0,0,0,0,0,0,0,0,0,0,0,0,0,0,0,0,0,55,0,30,0,8.333,0,0,0,0
5466190,DB4_SHGCNCT_S001_S001_T001.MO_0259.jpg,Doubtless bay,DB4,54,-34.879017,173.475467,South Karikari Peninsula,0,0,0,2.5,0,0,0,0,0,0,0,0,0,0,0,0,0,0,0,0,0,0,0,1.667,0,0,0,0,0,0,0,0,7.5,0,0,0,0,0,0,0,0,0,0,0,0,1.667,0,0,0,0,0,0,0,0,0,0,0,0,0,0,0,0,0,0,0,0,0,0,0,0,0,0,0,0,0,0,0,0,0,0,0,0,0,0,0,0,0,0,0,0,0,0,0,0,0,0,1.667,0,0,0,0,0,0,0,0,0,0,0,0,0,0,0,0,0,0,0,0,0,1.667,0,0,0,0,0,0,0,0,0,0,60,0,20,0.833,2.5,0,0,0,0
5388055,DB5_SHGCNCT_S001_S001_T002_0038.jpg,Doubtless bay,DB5,56,-34.852067,173.474867,East Karikari Peninsula,0,0,0,0,0,2.5,0,0,0,0,0,0,0.833,0,0,0,0,0,0,0,0,0,0,0,0,0,0,0,0.833,0,0,0,0,0,0,0,0,0,0,0,0.833,0,0,0,0,0,0,0,0,0,0,0,0,0,0,0,0,0,0,0,0,0,0,0,0,0,0,0,0,0,0,0,0,0,0,0,0,0,0,3.333,0,3.333,0,0,0,0,0,0,0,0,0,0.833,0,0,0,0,5,0,0,0,0,0,0,0,0,0,0,0,0,0,0,0,0,0,0,0,0,0.833,0,0,0,0,0,0,0,0,0,0,0,42.5,0,32.5,6.667,0,0,0,0,0
5388056,DB5_SHGCNCT_S001_S001_T002_0043.jpg,Doubtless bay,DB5,56,-34.852067,173.474867,East Karikari Peninsula,0,0,0,0,0,0,0,0,0,0,0,0,2.5,0,0,0,0,0,0,0,0,0,0,0,0,0,0.833,0,0,0,0,0,0.833,0,0,0,0,0,0,0,2.5,0,0,0,0,0.833,0,0,0,0,0,0,0,0,0,0,0,0,0,0,0.833,0,0,0,0,0,0,0,0,0,0,0,0,0,0,0,0,0,0,1.667,0,0,0,0,0,0,0,0,0,0,0,0,0,0,0,0,4.167,0,0,0,0,0,0,0,0,0,0,0,0,0,0.833,0,0,0,0,0,0,0,0,0,0,0,0,0,0,0,0,0,0,40,0,42.5,2.5,0,0,0,0,0
5388057,DB5_SHGCNCT_S001_S001_T002_0092.jpg,Doubtless bay,DB5,56,-34.852067,173.474867,East Karikari Peninsula,0,0,0,0,0,0,0,0,0,0,0,0,2.5,0,0,0,0,0,0,0,0,0,0,0,0,0,10.833,0,0,0,0,0,0,0,0,0,0,0,0,0,0,0,0,0,0,0.833,0,0,0,0,0,0,0,0,0,0,0,0,0,0,2.5,0,0,0,0,0,0,0,0,0,0,0,0,0,0,0,0,0,0,0,0,0,0,0,0,0,0.833,0,0,0,0,0,0.833,0,0,0,2.5,0,0,0,0,0,0,0,0,0,0,0,0,0,0,0,0,0,0,0,0,0,0,0,0,0,0,0,0.833,0,0,0,0,30,0,45.833,0.833,1.667,0,0,0,0
5388058,DB5_SHGCNCT_S001_S001_T002_0159.jpg,Doubtless bay,DB5,56,-34.852067,173.474867,East Karikari Peninsula,0,0,0,0,0,0,0,0,0,0,0,0,1.667,0,0,0,0,0,0,0,0,0,0,0,0,0,0,0,0,0,0,0,36.667,0,0,0,0,0,0,0,0,0,0,0,0,0,0,0,0,0,0,0,0,0,0,0,0,0,0,0,0,0,0,0,0,0,0,0,0,0,0.833,0,0,0,0,0,0,0,0,0,0,0,0,0,0,0,0,0,0,0,0,0,0,0,0,0,3.333,0,0,0,0,0,0,0,0,0,0,0,0,0,0,0,0,0,0,0,0,0,0,0,0,0,0,0,0,0,0,0,0,30,0,25,2.5,0,0,0,0,0
5388059,DB5_SHGCNCT_S001_S001_T002_0171.jpg,Doubtless bay,DB5,56,-34.852067,173.474867,East Karikari Peninsula,0,0,0,0.833,0,0,0,0,0,0,0,0,1.667,0,0,0,0,0,0,0,0,0,0,0,0,0,0.833,0,0,0,0,0,10.833,0,0,0,0,0,0,0,0.833,0,0,0,0,0.833,0,0,0,0,0,0,0,0,0,0,0,0,0,0,0,0,0,0,0,0,0,0,0,0,0,0,0,0,0,0,0,0,0,3.333,0,0,0,0,0,0,0.833,0,0,0,0,0,0,0,0,0,0.833,0,0,0,0,0,0,0,0,0,0,0,0,0,0,0,0,0,0.833,0,0,0,0,0,0,0,0,0,0,0,0,0,0,50,0,28.333,0,0,0,0,0,0
5388060,DB5_SHGCNCT_S001_S001_T002_0183.jpg,Doubtless bay,DB5,56,-34.852067,173.474867,East Karikari Peninsula,0,0,0,0.833,0,0,0,0,0,0,0,0,0,0,0,0,0,0,0,0,0,0,0,0,1.667,0,0,0,0,0,0,0.833,0,0,0,0,0,0,0,0,0,0,0,0,0,0.833,0,0,0,0,0,0,0,0,0,0,0,0,0,0,0,0,0,0,0,0,0,0,0,0,0,0,0,0,0,0,0,0,0,0.833,0,0,0,0,0,0,0,0,0,0,0,0,0,0,0,0,1.667,0,0,0,0,0,0,0,0,0,0,0,0,0,0.833,0,0,0,0,0,0,0,0,0,0,0,0,0,0,0,0,0,0,45.833,0,41.667,4.167,0.833,0,0,0,0
5388061,DB5_SHGCNCT_S001_S001_T002_0205.jpg,Doubtless bay,DB5,56,-34.852067,173.474867,East Karikari Peninsula,0,0,0,0.833,0,0,0,0,0,0,1.667,0,1.667,0,0,0,0,0,0,0,0,0,0,0.833,0,0,2.5,0,0,0,0,0,5,0,0,0,0,0,0,0,0.833,0,0,0,0.833,0,0,0,0,0,0,0,0,0,0,0,0,0,0,0,0,0,0,0,0,0,0,0,0,0,0,0,0,0,0,0,0,0,0,0,0,0,0,0,0,0,0.833,0,0,0,0,0,0,0,0,0,5.833,0,0,0,0,0,0,0,0.833,0,0,0,0,0,0,0,0,0,0,0,0,0,0.833,0,0,0,0,0,0,0,0,0,0,36.667,0,40,0.833,0,0,0,0,0
5388062,DB5_SHGCNCT_S001_S001_T002_0252.jpg,Doubtless bay,DB5,56,-34.852067,173.474867,East Karikari Peninsula,0,0,0,0,0,0,0,0,0,0,0,0,0.833,0,0,0,0,0,0,0,0,0,0,0,0.833,0,7.5,0,0,0,0,0,7.5,0,0,0,0,0,0,0,0,0,0,0,0.833,1.667,0,0.833,0,0,0,0,0,0,0,0,0,0,0,0,0,0,0,0,0,0,0,0,0,0,1.667,0,0,0,0,0,0,0,0,0.833,0,0,1.667,0,0,0,0,0,0,0,0,0,0,0,0,0,0,0,0,0,0,0,0,0,0.833,0,0,0,0,0,0,0,0,0,0,0,0,0,0,0,0,0,0,0,0,0,0,0,0,29.167,0,45,0.833,0,0,0,0,0
5388063,DB5_SHGCNCT_S001_S001_T002_0273.jpg,Doubtless bay,DB5,56,-34.852067,173.474867,East Karikari Peninsula,0,0,0,0,0,0.833,0,0,0,0,0,0,2.5,0,0,0,0,0,0,0,0,0,0,0,0,0,19.167,0,0,0,0,0,0,0,0,0,0,0,0,0,0,0,0,0,0,1.667,0,0,0,0,0,0,0,0,0,0,0,0,0,0,1.667,0,0,0,0,0,0,0,0,0,0.833,0,0,0,0,0,0,0,0,5,0,0.833,0,0,0,0,0,0,0,0,0,0,0,0,0,0,4.167,0,0,0,0,0,0,0,1.667,0,0,0,0,0,0,0,0,0,0.833,0,0,0,0,0,0,0,0,0,1.667,0,0,0,0,17.5,0,41.667,0,0,0,0,0,0
5388064,DB5_SHGCNCT_S001_S001_T002_0303.jpg,Doubtless bay,DB5,56,-34.852067,173.474867,East Karikari Peninsula,0,0,0,0,0,0,0,0,0,0,0,0,0.833,0,0,0,0,0,0,0,0,0,0,0,0,0,4.167,0,0,0,0,0,1.667,0,0,0,0,0,0,0,0,0,0,0,0,1.667,0,1.667,0,0,0,0,0,0,0,0,0,0,0,0,0,0,0,0,0,0,0,0,0,0,0,0,0,0,0,0,0,0,0,0,0,0,0,0,0,0,0,0,0,0,0,0,0,0,0,0,4.167,0,0,1.667,0,0,0.833,0,0,0,0,0,0,0,0,0,0,0,0,4.167,0,0,0,0,0,0,0,0,0,0,0,0,0,23.333,0,53.333,2.5,0,0,0,0,0
5399766,DB6_SHGCNCT_S001_S001_T003_0115.jpg,Doubtless bay,DB6,60,-34.849436,173.477575,East Karikari Peninsula,0,0,0,0,0,0,0,0,0,0,0,0,5,0,0,0,0,0,0,0,0,0,0,0,0.833,0,5,0,0,0,0,0,3.333,0,0,0,0,0,0,0,3.333,0,0,0,0,0.833,0,0,0,5.833,0,0,0,0,0,0,0,0,0,0,3.333,0,0,0,0,0,0,0.833,0,0,5,0,0,0,0,0,0,0,0,0,0,0,0,0,3.333,0,0,0,0,0,0,0,0,0,0,0,0,0,0,0,0,0,0,0,0,0,0,0,0,0,0,0,0,0,0,0,0,0,0,0,0,0,1.667,0,0,0,0,0,0,23.333,0,30,8.333,0,0,0,0,0
5399767,DB6_SHGCNCT_S001_S001_T003_0131.jpg,Doubtless bay,DB6,60,-34.849436,173.477575,East Karikari Peninsula,0,0,0,0,0,0,0,0,0,0,0,0,4.167,0,0,0,0,0,0,0,0,0,0,0,0,0,9.167,0.833,0,0,0,0,8.333,0,0,0,0,0,0,0,1.667,0,0,0,0,0.833,0,0,0,0.833,0,0,0,0,0,0,0,0,0,0,10.833,0,0,0,0,0,0,0,0,0,1.667,0,0,0,0,0,0,0,0,0,0,0,0,0,0,0,0,0,0,0,0,0,0,0,0,0,0,0,0,0,0,0,0,0,0,0,0,0,0,0,0,0,0,0,0.833,0,0,0,0,0,0,0,0.833,0,5,1.667,0,0,0,14.167,0,26.667,12.5,0,0,0,0,0
5399768,DB6_SHGCNCT_S001_S001_T003_0157.jpg,Doubtless bay,DB6,60,-34.849436,173.477575,East Karikari Peninsula,0,0,0,0,0,0,0,0,0,0,0,0,1.667,0,0,0,0,0,0,0,0,0,0,0.833,0,0,6.667,0,0,0,0,0,0,0,0,0,0,0,0,0,0,0,0,0,0,0,0,0,0,0.833,0,0,0,2.5,0,0,0,0,0,0,6.667,0,0,0,0,0,0,0,0,0,1.667,4.167,0,0,0,0,0,0,0,0,0,0,0,0,0,0,2.5,0,0,0,0,0,0,0,0,0,0,0,0,0,0,0,0,0,10,0,0,0,0,0,0,0,0,0,0,0.833,0,0,0,0,0,0,0,0,0,0,0,0,0,20,0,40.833,0.833,0,0,0,0,0
5399769,DB6_SHGCNCT_S001_S001_T003_0167.jpg,Doubtless bay,DB6,60,-34.849436,173.477575,East Karikari Peninsula,0,1.667,0,0,0,0,0,0,0,0,0,0,7.5,0,0.833,0,0,0,0,0,0,0,0,2.5,0,0,4.167,0.833,0,0,0,0.833,0,0,0,0,0,0,0,0,0,0,0,0,0,0.833,0,0,0,1.667,0,0,0,0,0,0,0,0,0,0,0.833,0,0,0,0,0,0,0,0,0,0,0,0,0,0,0,0,0,0,0,0,0,0,0,0,0,0,0,0,0,0,0,0,0,0,0,0,0,0,0,0,0,0,0,0.833,0,0,0,0,0,0,0,0,0,0,0,0,0,0,0,0,0,0.833,0,0,0,0,0,0,23.333,0,47.5,5.833,0,0,0,0,0
5399770,DB6_SHGCNCT_S001_S001_T003_0183.jpg,Doubtless bay,DB6,60,-34.849436,173.477575,East Karikari Peninsula,0,1.667,0,0.833,0,0,0,0,0,0,0,0,3.333,0,0,0,0,0,0,0,0,0,0,0,0,0,2.5,0.833,0.833,0,0,0,0,0,0,0,0,0,2.5,0,0,0,0,0,0,4.167,0,0,0,0.833,0,0,0,0.833,0,0,0,0,0,0,0,0,0,0,0,0,0,0,0.833,0,1.667,0,0,0,0.833,0,0,0,0,0,0,0,0,0,0,0,0,0,0,0,0,0,0,0,0,0,0,0,0,0,0,0,0,0,0,0,0,0,0,0,0,0,0,0,0.833,0.833,0,0,0,0,0,0,4.167,0,2.5,0,0,0,0,26.667,0,37.5,5,0.833,0,0,0,0
5399771,DB6_SHGCNCT_S001_S001_T003_0280.jpg,Doubtless bay,DB6,60,-34.849436,173.477575,East Karikari Peninsula,0,0,0,0,0,0,0,0,20,0.833,0,0,1.667,0,0,0,0,0,0,0,0,0,0,1.667,0,0,15,1.667,0,0,0,0,0,0,0,0,0,0,0,0,0,0,0,0,0,0,0,0,0,0,0,0,0,0,0,0,0,0,0,0,0,0,0,0,0,0,0,0,0,0,0,0,0,0,0,0,0,0,0,0,0,0,0,0,0,0,0,0,0,0,0,0,0,0,0,0,5,0,0,0,0,0,0,0,0,0,0,0,0,0,0,0,0,0,0,0,0,0,0,0,0,0,0,0,0,0,0,0,0,15,0,23.333,15.833,0,0,0,0,0
5399772,DB6_SHGCNCT_S001_S001_T003_0325.jpg,Doubtless bay,DB6,60,-34.849436,173.477575,East Karikari Peninsula,0,0,0,0,0,0,0,0,0.833,0.833,0,0,5.833,0,0,0,0,0,0,0,0,0,0,0,0.833,0,14.167,0,0,0,0,0,1.667,0,0,0,0,0,0,0,0,0,0,0,0,0,0,0,0,0,0,0,0,0,0,0,0,0,0,0,4.167,0,0,0,0,0,0,0,0,0,0,0,0,0,0,0,0,0,0,0,0,0,0,0,0.833,0,0,0,0,0,0,0,1.667,0,0,0,3.333,0,0,0,0,0,0,0,0,0,0,0,0,0,0,0,0,0,0,0,0,0,0,0,0,0,0,0,0,0,0,0,0,20.833,0,36.667,8.333,0,0,0,0,0
5399773,DB6_SHGCNCT_S001_S001_T003_0342.jpg,Doubtless bay,DB6,60,-34.849436,173.477575,East Karikari Peninsula,0,0,0,0,0,0,0,0,1.667,0.833,0,0,1.667,0,0,0,0,0,0,0,0,0,0,0,0,0,6.667,0,0,0.833,0,0,0,0,0,0,0,0,1.667,0,0,0,0,0,0,1.667,0,0,0,0,0,0,0,0,0,0,0,0,0,0,0,0,0,0,0,0,0,0,0,0,0,0,0,0,0,0,0,0,0,0.833,0,0,0,0,0,0,0,0,0,0,0,0,0.833,0,0,0,1.667,0,0,0,0,0,0,0,0,0,0,0,0,0,0,0,0,0,0,0,0,0,0,0,0,0,0,0,0,0,0,0,0,21.667,0.833,50.833,8.333,0,0,0,0,0
5399774,DB6_SHGCNCT_S001_S001_T003_0484.jpg,Doubtless bay,DB6,60,-34.849436,173.477575,East Karikari Peninsula,0,0,0,0,0,0,0,0,0,0,0,0,4.167,0,0,0,0,0,0,0,0,0,0,0,0,0,6.667,0.833,0,0,0,0,0,0,0,0,0,0,0,0,0,0,0,0,0,0,0,0,0,0,0,0,0,0,0,0,0,0,0,0,0.833,0,0,0,0,0,0,0,0,0,0,0,0,0,0,0,0,0,0,0,0,0,0,0,0,0,0,0,0,0,0,0,0,0,0,0,0,0,0,0,0,0,0,0,0,0,0,0,0,0,0,0,0,0,0,0,0,0,0,0,0,0,0,0,0,0,0,0,0,34.167,0,48.333,5,0,0,0,0,0
5399775,DB6_SHGCNCT_S001_S001_T003_0517.jpg,Doubtless bay,DB6,60,-34.849436,173.477575,East Karikari Peninsula,0,0,0,0,0,0,0,0,0,0,0,0,5,0,0,0,0,0,0,0,0,0.833,0,0.833,0.833,0,9.167,0,0,0,0,0,0.833,0,0,0,0,0,0,0,0,0,0,0,0,0,0,0,0,0,0,0,0,0,0,0,0.833,0,0,0,1.667,0,0,0,0,0,0,0,0,0,0.833,0,0,0,0,0,0,0,0,0.833,0,0,0,0,0,0,0,0,0,0,0,0,0,0,0,0,3.333,0,0,0,0,0,0,0,0,0,0,1.667,0,0,0,0,0,0,2.5,0,0,0,0,0,0,0,2.5,0,0,0,0,0,0,10.833,0,45.833,11.667,0,0,0,0,0
5402923,DB7_SHGCNCT_S001_S001_T001_0073.jpg,Doubtless bay,DB7,54,-34.817908,173.453136,East Karikari Peninsula,0,0,0,0,0,0,0,0,0,0,0,0,1.667,0,0,0,0,5.833,0,0,0,0,0,0.833,0,0,1.667,0,0,0,0,0,0,0,0,0,0,0,0,0,0,0,0,0,0,1.667,0,2.5,0,0,0,0,0,0,0,0,0,0,0,0,0,0,0,0,0,0,0,0,0,0,0.833,0,0,0,2.5,0,0,0,0,0,0,0,0,0,0,0,0,0,0,0,0,0,0.833,0,0,0,0,0,0,0,0,0,0,0,3.333,0,0,0,0,0,0,1.667,0,0,0,0,0,0,0,0,0,0,0,0,0.833,0,0,0,0,13.333,0,60.833,1.667,0,0,0,0,0
5402924,DB7_SHGCNCT_S001_S001_T001_0098.jpg,Doubtless bay,DB7,54,-34.817908,173.453136,East Karikari Peninsula,0,0,0,0,0,0,0,0,0,0,0,0,0.833,0,0,0,0,2.5,0,0,0,0.833,0,0,0,0,2.5,1.667,0,0,0,0,0,0,0,0,0,0,0,0,0,0,0,0,0,0.833,0,0,0,0,0,0,0,0,0,0,0,0,0,0,0,0,0,0,0,0,0,0,0,0,0,0,0,0,2.5,0,0,0,0,0,0,0,0,0,0,0,0,0,0,0,0,0,0,0,0,0,0,0,0,0,0,0,0,0,9.167,0,0,0,0,0,0,1.667,0,0,0,0,0,0,0,0,0,0,0,0,0,0.833,0,0,0,30.833,0,40.833,5,0,0,0,0,0
5402925,DB7_SHGCNCT_S001_S001_T001_0103.jpg,Doubtless bay,DB7,54,-34.817908,173.453136,East Karikari Peninsula,0,0,0,0,0,0,0,0,0,0,0,0,0,0,0,0,0,1.667,0,0,0,2.5,0,0,0,0,2.5,0,0,0.833,0,0.833,0,0,0,0,0,0,0,0,0,0,0,0,0,0,0,0,0,0,0,0,0,0,0,0,0,0,0,0,0,0,0,0,0,0,0,0,0,0,0,0,0,0,4.167,0,0,0,0,0.833,0,0,0,0,0,0,0,0,0,0,0,0,0,0,0,0,0,0,0,0,0,0,0,0,0,0,0,0,0,0,0,3.333,0,0,0,0,0,0,0,0.833,0,0,0,0,0,1.667,0,0,0,24.167,0,53.333,2.5,0.833,0,0,0,0
5402926,DB7_SHGCNCT_S001_S001_T001_0157.jpg,Doubtless bay,DB7,54,-34.817908,173.453136,East Karikari Peninsula,0,0,0,0,0,0,0,0,0,0,0,0,0,0,0,0,0,0.833,0,0,0,0.833,0,0,0,0,0.833,0,0,0,0,0,0,0,0,0,0,0,0,0,0,0,0,0,0,0,0,0.833,0,0,0,0,0,0,0,0,0,0,0,0,0,0,0,0,0,0,0,0,0,0,0.833,0,0,0,0,0,0,0,0,0,0,0,0,0,0,0,0,0,0,0,0,0,0,0,0,0,0,0,0,0,0,0,0,0,4.167,0,0,0,0,0,0,0,0,0,0,0,0,0,0,0,0,0,0,0,0,0,0,0,0,35.833,4.167,45,6.667,0,0,0,0,0
5402927,DB7_SHGCNCT_S001_S001_T001_0171.jpg,Doubtless bay,DB7,54,-34.817908,173.453136,East Karikari Peninsula,0,0,0,0.833,0,0,0,0,0,0,0,0,0,0,0,0,0,3.333,0,0,0,1.667,0,0,0,0,5,0,0,0,0,0,0,0,0,0,0,0,0,0,0,0,0,0,0,0.833,0,0.833,0,0,0,0,0,0,0,0,0,0,0,0,0,0,0,0,0,0,0,0,0,0,0,0,0,0,0,0,0,0,0,0,0,0,0,0,0,0,0,0,0,0,0,0,0,0,0,0,0,0,0,0,0,0,0,0,3.333,0,0,0,0,0,0,0,0,0,0,0,0,0,0,0,0,0,0,0,0,0,0,0,0,23.333,1.667,53.333,5.833,0,0,0,0,0
5402928,DB7_SHGCNCT_S001_S001_T001_0210.jpg,Doubtless bay,DB7,54,-34.817908,173.453136,East Karikari Peninsula,0,0,0,0,0,0,0,0,0,0,0,0,0,0,0,0,0,7.5,0,0,0,0.833,0,0,0,0.833,4.167,0,0,0,0,0,0,0,0,0,0,0,0,0,0,0,0,0,0,0,0,2.5,0,0,0,0,0,0,0,0,0,0,0,0,0,0,0,0,0,0,0,0,0,0,0,0,0,0,0,0,0,0,0,0,0,0,0.833,0,0,0,0,0,0,0,0,0,0,0,0,0,1.667,0,0,0,0,0,0,0,2.5,0,0,0,0,0,0,0,0,0,0,0,0,0,0,0,0,0,0,0,0,0,0,0,0,25.833,0,52.5,0,0,0,0,0.833,0
5402929,DB7_SHGCNCT_S001_S001_T001_0240.jpg,Doubtless bay,DB7,54,-34.817908,173.453136,East Karikari Peninsula,0,0,0,0,0,0,0,0,0,0,0,0,1.667,0,0,0,0,3.333,0,0,0,0,0,0,0,0,3.333,0,0,0,0,0,0,0,0,0,0,0,0,0,0,0,0,0,0,0.833,0,0.833,0,0,0,0,0,0,0,0,0,0,0,0,0,0,0,0,0,0,0,0,0,0,0,0,0,0,4.167,0,0,0,0,2.5,0,0,0.833,0,0,0,0,0,0,2.5,0,0,0.833,0,0.833,0,0,0,0,0,0,0,0,0,8.333,0,0,0,0,0,0,2.5,0,0,0,0,0,0,0,0,0,0,0,0,0,0,0,0,0,16.667,0,49.167,1.667,0,0,0,0,0
5402930,DB7_SHGCNCT_S001_S001_T001_0312.jpg,Doubtless bay,DB7,54,-34.817908,173.453136,East Karikari Peninsula,0,0,0,0,0,0,0,0,0,0,0,0,1.667,0,0,0,0,8.333,0,0,0,0.833,0,0,0,0,2.5,0.833,0,0,0,0.833,0,0,0,0,0,0,0,0,0,0,0,0,0,0,0,1.667,0,0,0,0,0,0,0,0.833,0,0,0,0,0,0,0,0,0,0,0,0,0,0,0,0,0,0,0.833,0,0,0,0,0,0,0,0,0,0,0,0,0,0,0,0,0,0,0,0,0,0.833,0,0,0,0,0,0,0,1.667,0,0,0,0,0,0,0,0,0,0,0,0,0,0,0,0,0,0,0,0,0.833,0,0,0,25.833,0,50,2.5,0,0,0,0,0
5402931,DB7_SHGCNCT_S001_S001_T001_0393.jpg,Doubtless bay,DB7,54,-34.817908,173.453136,East Karikari Peninsula,0,0,0,0,0,0,0,0,0,0,0,0,1.667,0,0,0,0,5.833,0,0,0,0.833,0,0,0,0,1.667,0,0,0.833,0,0,0,0,0,0,0,0,0,0,0,0,0,0,0,0,0,0,0,0,0,0,0,0,0,0,0,0,0,0,0,0,0,0,0,0,0,0,0,0,0,0,0,0,2.5,0,0,0,0,0,0,0,0.833,0,0,0,0,0,0,0,0,0,0,0,0,0,0,0,0,0,0,0,0,0,3.333,0,0,0,0,0,0,2.5,0,0,0,0,0,0,0,0,0,0,0,0,0,0,0,0,0,11.667,0,63.333,4.167,0,0,0,0.833,0
5402180,DB7_SHGCNCT_S001_S001_T002_0039.jpg,Doubtless bay,DB7,54,-34.817908,173.453136,East Karikari Peninsula,0,0,0,0,0,0,0,0,0,1.667,0,0,0.833,0,0,0,0,9.167,0,0,0,1.667,0,0,0,0,0.833,0,0,0,0,0.833,0,0,0,0,0,0,0.833,0,0,0,0,0,0,2.5,0,0.833,0,0,0,0,0,0.833,0,0,0,0,0,0,0,0,0,0,0,0,0,0,0,0,0,0,0,0,0,0,0,0,0,2.5,0,0,0,0,0,0,0,0,0,0,0,0,0,0,0,0,0.833,0,0,0,0,0,0,0,0.833,0,0,5,0,0,0,0,0,0,0,0,0,0,0,0,0,0,0,0,0.833,0,0,0,0,22.5,0,40.833,6.667,0,0,0,0,0
5438536,DB8_SHGCNCT_S001_S001_T003_0012.jpg,Doubtless bay,DB8,71,-34.8141,173.453617,East Karikari Peninsula,0,0,0,0,0,0,0,0,0,0,0,0,0.833,0,0,0,0,0,0,0,0,0,0,0.833,0,0,0,0.833,0,0,0,0,0,0,0,0,0,0,1.667,0,0,0,0,0,0,0,0,0.833,0,0,0,0,0,0,0,0,0,0,0,0,0,0,0,0,0.833,0,0,0,0,0,0,0,0,0,0.833,0,0,0,0,0,0,0,0,0,0,0,0.833,0,0,0,0,0.833,0,0,0.833,0,0,0,0,0,0,0,0,0,0,0,0,0,0,0,0,0,0,0,0,0.833,0,0,0,0,0,0.833,0,0,0,0,0,0,0,40.833,0,40.833,7.5,0,0,0,0,0
5438537,DB8_SHGCNCT_S001_S001_T003_0022.jpg,Doubtless bay,DB8,71,-34.8141,173.453617,East Karikari Peninsula,0,1.667,0,0,0,0,0,0,0,0,0,0,0,0,0,0,0,0,0,0,0,0.833,0,0,0,0,0,0,6.667,0,0,0.833,0,0,0,0,0,0,0,0,0,0,0,0,0,0.833,0,0.833,0,0,0.833,0,0,0,0,0,0,0,0,0,0,0,0,0,0,0,0,0,0,0,0,0,0,0,0,0,0,0,0,0.833,0,0,0,0,0,0,0,0,0,0,0,0,0,0,0.833,0,0,0,0,0,0,0,0,0,0,0,0,0.833,0,0,0,0,0,0,0,0,0,0,0,0,0,0,0,0,0,0,0,0,0,48.333,0,36.667,0,0,0,0,0,0
5438539,DB8_SHGCNCT_S001_S001_T003_0025.jpg,Doubtless bay,DB8,71,-34.8141,173.453617,East Karikari Peninsula,0,0.833,0,0,0,0,0,0,0,0,0,0,0,0,0,0,0,0,0,0,0,0,0,0,0,0,0,0,4.167,0,0,1.667,0,0,0,0,0,0,0,0,0,0,0,0,0,1.667,0,0,0,0,1.667,0,0,0,0,0,0,0,0,0,0,0,0,0,0,0,0,0,0,0,0,0,0,0,0,0,1.667,0,0,0,0,0,0,0,0,0,0,0,0,0.833,0,0,0,0,0,0,0,0,0,0,0,0,0,0,0,0,0,0,0,0,0,0,0,0,0,0.833,0,0,0,0,0,0,0,0,0,0,0,0,0,40.833,0,45.833,0,0,0,0,0,0
5438541,DB8_SHGCNCT_S001_S001_T003_0053.jpg,Doubtless bay,DB8,71,-34.8141,173.453617,East Karikari Peninsula,0,2.5,0,0,0,0.833,0,0,0,0,0,0,2.5,0,0,0,0,0,0,0,0,0,0,0,0,0,2.5,0,1.667,0,0,0,0,0,0,0,0,0,0,0,0,0,0,0,0,1.667,0,0,0,0,0,0,0,1.667,0,0,0,0,0,0,0,0,0,0,0,0,0,1.667,0,0,0,0,0,0,0.833,0,0,0,0,4.167,0,0,0,0,0,0,0,0,0,0.833,0,0,0.833,0,0,0,0,0,0,0,0,0,0,0,0,0,0,0,0,0,0,0,0,0,0,0,0,0,0.833,0,0,0,0.833,0,0,0,0,0,0,35,0,35.833,5.833,0,0,0,0,0
5438543,DB8_SHGCNCT_S001_S001_T003_0058.jpg,Doubtless bay,DB8,71,-34.8141,173.453617,East Karikari Peninsula,0,2.5,0,0,0,0,0,0,0,0,0,0,1.667,0,0,0,0,0,0,0,0,0,0,0,0,0,3.333,0,0.833,0,0,0.833,0,0,0,0,0,0,0,0,1.667,0,0,0,0,0.833,0,0,0.833,0,0.833,0,0,0,0,0,0,0,0,0,0,0,0,0,0,0,0,0,0,0,0,0,0,0,0,0,0,0,0,0,0,0,0,0,0,0,0,0,0,0,0,0,0.833,0,0,0,0,0,0,0,0,0,0,0,0,0,0,0,0,0,0,0,0,0,0,0,0,0,0,0,0,0,0,0,0.833,0.833,0,0,0,53.333,0,28.333,2.5,0,0,0,0,0
5438545,DB8_SHGCNCT_S001_S001_T003_0098.jpg,Doubtless bay,DB8,71,-34.8141,173.453617,East Karikari Peninsula,0,1.667,0,0,0,0,0,0,0,0,0,0,1.667,0,0,0,0,0,0,0,0,0,0,1.667,0,0,4.167,0,0,0,0,0.833,0,0,0,0,0,0,0,0,0,0,0,0,0,0,0,0,0,0,0,0,0,0.833,0,0,0,0,0,0,0.833,0,0,0,0,0,0,0,0,0,0,0,0,0,2.5,0,0,0,0,3.333,0,0,0,0,0,0,0,0,0,0,0,0,0.833,0,1.667,0,0,0,0,0,0.833,0,0,0,0,0,0,0,0,0,0,0,0,0,0,0,0,0,0,0,0,0,0,0,0,0,0,0,0,50,0,24.167,5,0,0,0,0,0
5438547,DB8_SHGCNCT_S001_S001_T003_0108.jpg,Doubtless bay,DB8,71,-34.8141,173.453617,East Karikari Peninsula,0,1.667,0,0,0,0,0,0,0,0,0,0,4.167,0,0,0,0,0,0,0,0,0,0,1.667,0,0,5.833,0,4.167,0,0,0.833,0,0,0,0,0,0,0,0,0,0,0,0,0,0.833,0,0,0.833,0,0,0,0,0,0,0,0,0,0,0,0,0,0,0,0,0,0,1.667,0,0,0.833,0,0,0,3.333,0,0,0,0,0,0,0,0,0,0,0,0,0,0,0.833,0,0,0.833,0,0,0,0,0,0,0,0,0,0,0,0.833,0,0,0,0,0,0,0,0,0,0,0,0,0,0,0,0,0,0,0,0,0,0,0,0,38.333,0,31.667,1.667,0,0,0,0,0
5438549,DB8_SHGCNCT_S001_S001_T003_0131.jpg,Doubtless bay,DB8,71,-34.8141,173.453617,East Karikari Peninsula,0,4.167,0,0,0,0,0,0,0,0,0,0,3.333,0,0,0,0,0,0,0,0,0.833,0,2.5,0,0,4.167,1.667,3.333,0.833,0,0,0,0,0,0,0,0,0,0,0,0,0,0,0,0,0,0,0,0,0,0,0,0.833,0,0,0,0,0,0,0,0,0,0,0,0,0,0.833,0,0,0,0,0,0,0,0,0,0,0.833,0,0,0,0,0,0,0,0,0,0,0,0,0,0.833,0,0.833,0,0,0,0,0,0,0,0,0,0,0,0,0,0,0,0,0.833,0,0,0,0,0,0,0,0,0,0,0.833,0,0.833,0,0,0,0,30.833,0,40.833,0.833,0,0,0,0,0
5438551,DB8_SHGCNCT_S001_S001_T003_0138.jpg,Doubtless bay,DB8,71,-34.8141,173.453617,East Karikari Peninsula,0,0,0,0,0,0,0,0,0,0,0,0,0.833,0,0,0,0,0,0,0,0,0,0,0,0,0,3.333,0,0,0,0,0,0,0,0,0,0,0,0,0.833,0,0,0,0,0,0.833,0,0,0,0,0,0,0,0,0,0,0,0,0,0,0.833,0,0,0,0,0,0,0,0,0,0,0,0,0,0,0,0.833,0,0,0.833,0,0,0,0,0,0,0,0,0,0,0,0,0,0,0,0,0,0,0,0,0,0,0,0,0.833,0,0,0,0,0,0,0,0,0,0,0,0,0,0,0,0,0,0,0,0,0,0,0,0,55.833,0,31.667,3.333,0,0,0,0,0
5438553,DB8_SHGCNCT_S001_S001_T003_0149.jpg,Doubtless bay,DB8,71,-34.8141,173.453617,East Karikari Peninsula,0,1.667,0,0,0,0,0,0,0,0,0,0,1.667,0,0,0,0,0,0,0,0,1.667,0,0,0,0,3.333,0,0,0,0,0,0,0,0,0,0,0,0,0,0,0,0,0,0,1.667,0,0,0,0,0,0,0,0,0,0,0,0,0,0,0,0,0,0,0,0,0,0,0,0,0,0,0,0,0,0,0.833,0,0,0,0,0,0.833,0,0,0,0,0,0,0,0.833,0,0,0,0,0,0,0,0,0,0.833,0,0,0,0,0,0,0,0,0,0,0,0,0,0,0,0,0,0,0,0,0,0,0,0,0,0,0,0,57.5,0,27.5,1.667,0,0,0,0,0
5460560,DB9_SHGCNCT_S001_S001_T001_0014.jpg,Doubtless bay,DB9,105,-34.80585,173.470686,East Karikari Peninsula,0,0,0,0,6.667,0,0,0,0,0,0,0,0,0,0,0,0,0,0,0,0,0,0,0,0,0,0,0,0,0,0,0,0,0,0,0,0,0,0,0.833,0,0,0,0,0,0,0,0,0,0,0,0,0,0,0,0,0,0,0,0,0,0,0,0,0.833,0,0,0,0,0,0,0,0,0,0,0,0,0,0,0,0,0,0,0,0,0,0,0,0,0,0,0,0,0,0,0,0,0,0,0,0,0.833,0,0,0,0,1.667,0,0,0,0,0,0,0,0,0.833,0.833,0,0,0,0,0,0.833,0,0,0,0,0,0,30,0,53.333,3.333,0,0,0,0,0
5460561,DB9_SHGCNCT_S001_S001_T001_0028.jpg,Doubtless bay,DB9,105,-34.80585,173.470686,East Karikari Peninsula,0,0,0,0,1.667,0,0,0,0,0,0,0,0.833,0,0,0,0,0,0,0,0,0,0,0,0,0,0,0,0,0,0,0,0,0,0,0,0,0,0,0.833,0,0,0,0,0,0,0,0,0,0,0,0,0,0,0,0,0,0,0,0,0,0,0,0,0,0,0,0,0,0,0,0,0,0,0,0,0,0,0,0,0,0,0,0,0,0,0,0,0,0,0,0,0,0,0,0,0,0,0,0,0,0.833,0,0,0,0,0,0,0,0,0,0,0,0,0,0.833,0,0,0,0,0,0,0,0,0,0,0,0,0,51.667,0,35.833,7.5,0,0,0,0,0
5460562,DB9_SHGCNCT_S001_S001_T001_0088.jpg,Doubtless bay,DB9,105,-34.80585,173.470686,East Karikari Peninsula,0,0.833,0,0,9.167,0,0,0,0,0,0,0,0,7.5,0,0,0,0,0,0,0,0,0,0,0,0,0,0,0,0,0,0,0,0,0,0,0,0,0,0.833,0,0,0,0,0,0,0.833,0,0,0,0,0,0,0.833,0,0,0,0.833,0,0,0,0,0,0,0,0,0,0,0,0,0,0,0,0,2.5,0,0,0,0,0,0,0,0,0,0,0,0,0,0,0,0,0,0,0,0,1.667,0,0,0,0,0,0,0,0,0,0,3.333,0,0,0,0,0,0,0,0,0,0,0,0,0,0,0,0,0,0,0,0,0,0,17.5,0,40,14.167,0,0,0,0,0
5460563,DB9_SHGCNCT_S001_S001_T001_0164.jpg,Doubtless bay,DB9,105,-34.80585,173.470686,East Karikari Peninsula,0,0,0,0,0,0,0,0,0,0,0,0,0,0,0,0,0,0,0,0,0,0,0,0,0,0,0,0,0,0,0,0,0,0,0,0,0,0,0,3.333,0,0,0,0,0,1.667,0.833,0,0,0,0,0,0,1.667,0,0,0,0.833,0,0,0,0,0,0,0.833,0,0,0,0,0,0,0,0,0,0,0,0,0,0,0,0,0,0,0,0,0,0,0,0,0,0,0,0,0,0,0,0,0,0,0,0,0,0,0,0,0,0,0,0,0,0,0,0,0,0,0.833,0,0,0,0,0,0,0,0,0.833,0,0,0,0,43.333,0,41.667,4.167,0,0,0,0,0
5460564,DB9_SHGCNCT_S001_S001_T001_0192.jpg,Doubtless bay,DB9,105,-34.80585,173.470686,East Karikari Peninsula,0,0,0,0,0,0,0,0,0,0,0,0,0,0,0,0,0,0,0,0,0,0,0,0,0,0,0,0,0,0,0,0,0,0,0,0,0,0.833,1.667,3.333,0,0,0,0,0,0,2.5,0,0,0,0,0,0,0,0,0,0,1.667,0,0,0,0,0,0,0,1.667,0,0,0,0,0,0,3.333,0,0.833,0,0,0,0,0,0,0,0,0,0,0,0,0,0,0,0,0,0,0,0.833,0,0,0,0,0,0,0,0,0,0,0,0,0,0,0,0,0,0,0,0,0,0,0,0,0,0,0,0,0,0.833,0,0,0,0,35.833,0,35,11.667,0,0,0,0,0
5460565,DB9_SHGCNCT_S001_S001_T001_0220.jpg,Doubtless bay,DB9,105,-34.80585,173.470686,East Karikari Peninsula,0,0,0,0,0,0,0,0,0,0,0,0,0,0,0,0,0,0,0,0,0,0,0,0,0,0,0,0,0,0,0,0,0,0,0,0,0,0,0,0,0,0,0,0,0,0,3.333,0,0,0,0,0,0,0,0,0,0,0.833,0,0,0,0,0,0,0,0,0,0,0,0,0,0,0,0,0,0,0,0,0,0,0,0,0,0,0,0,0,1.667,0,0,0,0,0,0,0,0,0,0.833,0,0,0,0,0,0,0,0,2.5,0,0,0,0,0,0,0,0,1.667,0.833,3.333,0.833,0,0,0,4.167,0,0.833,0,0,0,0,40,0,39.167,0,0,0,0,0,0
5460566,DB9_SHGCNCT_S001_S001_T001_0250.jpg,Doubtless bay,DB9,105,-34.80585,173.470686,East Karikari Peninsula,0,0.833,0,0,0,0,0,0,7.5,0,0,0,0,0,0,0,0,0,0,0,0,0,0,0,0,0,0,0,0,0,0,0,0,0,0,0,0,0,0,0,0,0,0,0,0,0,0,0,0,0,0,0,0,0,0,0,0,0,0,0,0,0,0,0,0,0,0,0,0,0,0,0,0,0,0,0,0,0,0,0,0,0,0,0,0,0,0,0,0,0,0,0,0,0,0,0.833,0,0,0,0,0,0,0,0,0,0,0,0,0,0,0,0,0,0,0,0,0,1.667,0,0,0,0,0,0,0,0,0,0,0,47.5,0,28.333,13.333,0,0,0,0,0
5460567,DB9_SHGCNCT_S001_S001_T001_0256.jpg,Doubtless bay,DB9,105,-34.80585,173.470686,East Karikari Peninsula,0,0,0,0,0,0,0,0,6.667,0,0,0,0,1.667,0,0,0,0,0,0,0,0,0,0,0,0,0,0,0,0,0,0,0,0,0,0,0,0.833,0,0,0,0,0,0,0,0,0.833,0,0,0,0,0,0,0,0,0,0,0,0,0,0,0,0,0,0,0,0,0,0,0,0,0,0.833,0,0,0,0,0,0,0,0,0,0,0,0,0,0,0,0,0,0,0,0,0,0.833,0,0,0,0,0,3.333,0,0,0,0,0,0,0,0,0,0,0,0,0,0,0,0,0,0,0,0,0,0.833,0,0,0,0,0,0,36.667,0,27.5,20,0,0,0,0,0
5460568,DB9_SHGCNCT_S001_S001_T001_0266.jpg,Doubtless bay,DB9,105,-34.80585,173.470686,East Karikari Peninsula,0,0,0,0,0,0,0,0,0,0,0,0,0.833,3.333,0,0,0,0,0,0,0,0,0,0,0,0,0,0,0,0,0,0,0,0,0,0,0,0,0,0,0,0,0,0,0,0,0,0,0,0,0,0,0,0,0,0,0,0,0,0,0,0,0,0,0,0,0,0,0,0,0,0,0.833,0,0.833,0,0,0,0,0,0,0,0,0,0,0,0,0,0,0,0,0,0,0,0,0,0,0,0,0,0,0,0,0,0,0,0,0,0,0,0,0,0,0,0,0,0,0,2.5,0,0,0,0.833,0,0,0,0,0,0,37.5,0,30.833,22.5,0,0,0,0,0
5460569,DB9_SHGCNCT_S001_S001_T001_0308.jpg,Doubtless bay,DB9,105,-34.80585,173.470686,East Karikari Peninsula,0,0,0,0,0,0,0,0,0,0,0,0,0,0,0,0,0,0,0,0,0,0,0,0,0,0,0,0,0,0,0,0,0,0,0,0,0,0,0,0.833,0,0,0,0,0,0,1.667,0,0,0,0,0,0,0,0,0,0,0.833,0,0,0,0,0,0,0,0,0,0,0,0,0,0,1.667,0,0,0,0,0,0,0,0,0,0,0,0,0,0,0,0,0,0,0,0,0,0,0,0,0,0,0,0,0,0,0,0,0,0,0,0,0,0,0,0,0,0,0.833,0,0,0,0,0,0,0,0,0,0,0,0,0,60.833,0,21.667,11.667,0,0,0,0,0
